text,theme,metre_simple,complexity_word,year,title
"

Хороши, как никогда,
мартовские хохота!
Выходите хохотать —
комы снежные катать.
В лица вражеских атак
научитесь хохотать,
не по поводу — а так!

Завтра 1-е апреля.
Скажут: «Хиль звончее Бреля»,
рестораны вмиг окажутся
все отличнейшего качества.

А сегодня — хлопья эха,
завалило трассу смехом,
выходите хохотать —
в зад автобусы толкать.

Хохот хорошо с лимоном,
хохма — мудрость миллионов.
Дурак может укатать,
но не может хохотать.

Эти хохоты свободы
завершает лепота —
благовещенских соборов
золотые хохота.
Выбегай похохотать —
слезы мехом утирать.

Сколько лет мы не смеялись,
сколько было бедных дней
без смешливости сияльной,
бриллиантовой твоей!..

",Прощение,не указан,сложный,1980,2024-03-31 0:00:00
"

«80» — в нимбе знака,
как некий новый святой.
Раздавленная собака
валяется на осевой.

Не я же ее зарезал,
зачем же она за мной 
как по дрезинной рельсе 
несется по осевой...

Рана черна от гнуса.
Скорость в пределах ста,
Главное не оглянуться.
Совесть моя чиста.


",Мотив черного,неклассический,сложный,1975.0,...
"

— А еще я скажу апропо…
— Про что скажете?
— А про то!
— Может, лучше про артлото?
— А про то?
— Бросьте в ступе толочь решето, 
лучше мчитесь неторной тропой 
по заоблачным горным плато…
— А про то?
— Ты про что намекаешь, браток?
— А про то…


",Мотив чувства,неклассический,простой,1975.0,...
"
 1
Кто поднял топор на священника?
Кто шел за ним в раннюю стынь?
И как найти в сердце прощение
тому, что сейчас творим?
Кто поднял топор на священника,
тот проклял себя. Аминь.

Неужто страна в деградации
болеет так тяжело,
когда не до святотатства —
до святотопорства дошло?!

Красивый. Сердца ежечасно
смягчал. Темны времена.
Убитый домой стучался.
Его не узнала жена.
Накрыла его безучастная
сусальная простыня.

С его позвонками шейными
диспут провел топор.
Страна, убивая священников,
пишет себе приговор.

Они беззащитной аортой
с Тарковским были близки,
пятьсот пятьдесят четвертой
школы ученики.

Мы вместе учились в чертогах
пятьсот пятьдесят четвертой.
На панихиде твоей
от имени нашей школы
зажгу тебе свечку скорбную,
опальный протоиерей.

Приход посреди России.
Афганцы, Маковок синь.
И девушка вслед литургии
вздохнула: «А. Мень... Аминь...»

А в небе кровавым довеском
над утренней нашей тропой
с космической достоверностью
предсказанный Достоевским,
как спутник, летит топор.

2

Прокатилось до Армении от московских деревень:
Мень, мень, мень...

И афганцы парашютные шепчут исповедь с колен,
автоматами прошитые, точно в дырочках ремень:
«Мень, мень, мень...»

Отвечает эхо: «Мень —
нем».

Новая Деревня
Храм Сретенья
10.IX.90
",Мотив чувства,не указан,сложный,1990,А. МЕНЬ
"

Ты мне прозвонилась сквозь страшную полночь:
«А ты меня помнишь?»
Ну как позабыть тебя, ангел-звереныш?
«А ты меня помнишь?» —
твой голос настаивал, стонущ и тонущ —
А ты меня помнишь? а ты меня помнишь?

И ухало это во тьме телефонищ —
рыдало по-русски, in English, in Polish —
you promise? astonish, а ты меня помнишь?

А ты меня помнишь, дорога до Бронниц?
И нос твой, напудренный утренним пончиком?
В ночном самолете отстегнуты помочи —
вы, кресла, нас помните?

Понять, обмануться, окликнуть по имени:
А ты меня...
Помнишь? Как скорая помощь,
в беспамятном веке запомни одно лишь —
«А ты меня помнишь?»",Мотив полета,неклассический,сложный,1998.0,А ТЫ МЕНЯ ПОМНИШЬ?
"Ах, сыграй мне, Булат, полечку...
Помнишь полечку, челку
		 пчелочкой?

Парой ласточек —
раз, и нет! —
чиркнут лодочки о паркет.

Пава, панночка, парусок,
как там тонешь наискосок?
Мы прикручены по ночам
к разным мчащимся поездам.

Ах, осин номерок
	  табельный!

Ах, октябрь, ах, октябрь
	   таборный!

Отовсюду моя вина,
как винтовка, глядит в меня:
«Ах, забудь, забудь, не глупи,
телевизор, что ли, купи»...

Я живу в Каширском лесничестве.
Рыб слежу. Либо снасть чиню.
Только это мне — ни к чему.
Пуст мой лес, и поля собраны.
Гитарист бы сыграл —
	   струны сорваны.

",Поле,не указан,простой,1961.0,...
"

В дни неслыханно болевые
быть без сердца - мечта.
Чемпионы лупили навылет -
ни черта!

Продырявленный точно решёта,
утишаю ажиотаж:
«Поглазейте в меня, как
		в решётку, —
так шикарен пейзаж!»

Но неужто узнает ружье,
где,
привязана нитью болезненной,
бьешься ты в миллиметре от лезвия,
ахиллесово
сердце
мое?!

Осторожнее, милая, тише...
Нашумело меняя места,
я ношусь по России -
как птица
отвлекает огонь от гнезда.

Невозможно расправиться с нами.
Невозможнее - выносить.
Но еще невозможней -
вдруг снайпер
срежет
нить!

",Мотив чувства,не указан,сложный,1965.0,АХИЛЛЕСОВО СЕРДЦЕ
,Домашняя,не указан,простой,1998,АРЕНДА
"

На Вас альпийские волосы —
как Преображенский парик,
за которым угадываются
камзол и коса,
девичьим румянцем лицо горит,
а глаза —

они венецианские, я бы сказал,
Вам предшествует приход синевы.
Сначала синий заполняет зал.
А спустя минуту
являетесь
Вы.

Однажды Вы спроектировали
бабочку-стадион,
который летал на игры
на конструктивной раме.
Игроки и зрители размещались
в нем.

Вам сказали:
«Рано!»
Но никогда не рано прийти
впереди себя
и в душах неподготовленных
смущение учинить.
Спокойно уйдет по воздуху
поторопившаяся стопа.
Я — Ваш, Леонид Николаевич,
незадачливый ученик.

",Душа,не указан,сложный,1980,АРХИТЕКТОР ПАВЛОВ
"

Москвою кто-то бродит,
накрутит номер мой.
Послушает и бросит —
отбой...

Чего вам? Рифм кило?
Автографа в альбом?
Алло!..
Отбой...

Кого-то повело
в естественный отбор!
Алло!..
Отбой...

А может, ангел в кабеле,
пришедший за душой?
Мы некоммуникабельны.
Отбой...

А может, это совесть,
Потерянная мной?
И позабыла голос?
Отбой...

Стоишь в метро конечной
с открытой головой,
и в диске, как в колечке,
замерзнул пальчик твой.

А за окошком мелочью
стучит толпа отчаянная,
как очередь в примерочную
колечек обручальных.

Ты дунешь в трубку дальнюю,
и мой воротничок
от твоего дыхания
забьется, как флажок...

Порвалась связь планеты.
Аукать устаю.
Вопросы без ответов.
Ответы в пустоту.

Свело. Свело. Свело.
С тобой. С тобой. С тобой.
Алло. Алло. Алло.
Отбой. Отбой. Отбой.

",Сохранять и покидать,классический,простой,1971.0,АВТОМАТ
"

Он тощ, точно сучья. Небрит и мордаст.
Под ним третьи сутки
		трещит мой матрац.
Чугунная тень по стене нависает.
И губы вполхари, дымясь, полыхают.

«Приветик, — хрипит он, — российской поэзии.
Вам дать пистолетик? А может быть, лезвие?
Вы — гений? Так будьте ж циничнее к хаосу...
А может, покаемся?..
Послюним газетку и через минутку
свернем самокритику, как самокрутку?..»

Зачем он тебя обнимает при мне?
Зачем он мое примеряет кашне?
И щурит прищур от моих папирос...

Чур меня, чур!
SOS! SOS!

",Молитва,неклассический,простой,1963.0,АВТОПОРТРЕТ
"

На левосторонних трассах,
на путях правосторонних,
на путях потусторонних,
там, где аксиома власти
машет огненною палкой,
в аксиомах «влево», «вправо»
жизнь я прожил не без риска.
Есть единственная правда —
аксиома самоиска.

Умирая, мне татарин,
высланный из Симеиза,
впившись в полумесяц миски
алюминиевой, в замызге
подарил это заклятье.

Но сказал: «Не будешь счастлив».

Это пишут на вершинах
снежный человек и Ницше,
на левосторонних книгах,
на правосторонних книгах,
на броске самоубийства,
на самопознание наций
и на аксиоме Бога,
на губах авантюристки —
аксиома самоиска.

Но распятые ладони
аксиомы человека
путь указывали людям
то ли — влево, то ли — вправо...
Я искал на перекрестке
трассы духа с трассой Минской.
Слезничок сверкал лиловый
женщины само фракийской —
с крыльями, но безголовой.

В небе, как над рестораном,
букв горел порядок странный,
и в глазах сырые искры
я читал наоборотно:
	    А
	    К
	    С
	    И
	    О
	    М
	    А

	    С
	    А
	    М
	    О
	    И
	    С
	    К
	    А
И она сказала: «Кисик!
Современная мадонна
опровергла аксиомы
постбрижитбардовских сисек.
Что считалось аксиомой
групп повышенного риска,
стало нормой в каждом доме
и в номенклатурных списках.
На любви односторонней,
на любви наоборотной,
и на голубом пороке,
и на ненависти белой,
и на золотой разлуке
лишь — не высказать без виски! —
аксиома самоиска».

И сказал идущий мимо
в маскировочных болотах
с трупом музыки в футляре:
«Что написано на майках?
Что написано на лейблах
наших лейблгвардейских задниц?
Что написано на бунте
в стиле рока или диско?
Преодолевайте дисга-
рмонию, как учит Дзига».
В каждом самодоказуема
и законом наказуема —
чур, не путать с само сыском! —
аксиома самоиска.

Мухой полз Буонарроти,
крася на плафоне Сикста
Рай и Ад наоборотный —
аксиому самоиска.

Жил я в аксиоме Рая,
чуя аксиому Ада,
жизнью, а не самопиской,
и потерей самых близких
оборачивалась наша
аксиома самоиска.
Как я поздно слишком понял —
утаил татарин с миской —
смысл не только в самоноиске,
а к себе открытом иске!

Прости господи стояла
у машинного потока,
морща лобик ноной мыслью.
Хмуро вглядывалась в диски.
Замирала вместо лейбла
изумрудная стрекозка
на малиновой скуле.

Прости господи, машины,
прости господи, летели.
Что ты в них искала? Прынца
в «Волге» паны? Или папу
с пачкой зелени искала?
Почему не подошел я?
С полчаса ты столбенела
в напряжение. Вдруг, зажмурясь —
мол, ищите меня в волгах! —
Молча бросилась под тачку.
Среди тормозного визга
я ее не видел дрызга.
Прости, Господи, таксиста!
Срок мотать за проститутку?
Прости, Господи, эпоху.
Прости, Господи, страну.

Голова в крови скакала
по шоссе, сверкнув стрекозкой.
Что кричал открытый ротик
рядом с отскочившим диском?

Ни молитвы. Пи записки.
Прости, Господи, тебя.
Изумрудная стрекозка
рядом в воздухе стоит.

Прокрути обратно, Дзига!
Выпрыгни, скула, к стрекозке!
За ней — лобик, за ним — тело.
Встань с асфальта!

Дыши. Брысь в гараж, машина!
Жизнь, крути обратно диски!
«Как зовут тебя?» — Лариска.
Долго же я на игле торчала...»

Жизнь — лишь поиск воскресенья.

Мы стоим на перекрестке
трассы духа с трассой Минской —
вгиковский студент. Стрекозка.
Тени. Женщина с заминкой
в речи. Пес с ухом Мефисто.
И татарин симеизский.
Ужас от пережитого,
духа грязные поминки —
оглянусь — полно народу.
Все глядели в небо.

Где горит, как над воротами
перед выходом по списку,—
жизни крест наоборотный
	    А
	    К
	    С
	    И
	    О
	    М
	    А
А К С И О М А С А М О И С К А
	    С
	    А
	    М
	    О
	    И
	    С
	    К
	    А


",Прощение,неклассический,сложный,1988.0,Аксиома стрекозы
"

Дали девочке искру.
Не ириску, а искру,
искру поиска, искру риска,
искру дерзости олимпийской!
Можно сердце зажечь, можно -
		            печь,
можно
землю
к чертям
поджечь!

В папироске сгорает искорка.
И девчонка смеется искоса.

",Мотив чувства,не указан,простой,1958.0,Б. А.
"

Я сегодня приду
и спокойно скажу,
что двадцатый окончился век.
Свои книги сожгу,
твои платья сложу,
«Мы свободны,—скажу,—смена вех».
Отключится вода,
и включится звезда,
и забьешься ты в пляске своей.
Частым жабрам под стать
будут воздух хватать
треугольники жадных локтей.
Посреди темноты
заскользит, словно шрам,
след резинки над животом.
Я увижу, что ты —
пополам, пополам —
в этом веке и веке другом.
Обернусь я к гостям —
гости все пополам,
перерезаны в пояс столом.
Каждый в веке своем
мы по пояс живем,
под столом—в измерение другом.
«Разве был этот век?» —
ты ответишь под смех.
Современники дискотек
будут в пол нам стучать
и напомнят опять,
что бессмертен XX век.


",Время,не указан,сложный,1980.0,БАЛЛАДА
"

Партизанам Керченской каменоломни
Рояль вползал в каменоломню.
Его тащили на дрова
к замерзшим чанам и половням.
Он ждал удара топора!

Он был без ножек, черный ящик,
лежал на брюхе и гудел.
Он тяжело дышал, как ящер,
в пещерном логове людей.

А пальцы вспухшие алели.
На левой — два, на правой — пять...
Он
     опускался
	   на колени,
        чтобы до клавишей достать.

Семь пальцев бывшего завклуба!
И, обмороженно-суха,
с них, как с разваренного клубня,
дымясь, сползала шелуха.

Он с криком эти пальцы л ожил,
их красоту, их божество...
И было величайшей ложью
все, что игралось до него!

Все отраженья люстр, колонны.
Во мне ревет рояля сталь.
И я лежу в каменоломне.
И я огромен, как рояль.

Я отражаю штолен сажу.
Фигуры. Голод. Блеск костра.
И как коронного пассажа,
я жду удара топора.

",Мотив черного,не указан,простой,1958.0,БАЛЛАДА 41-го ГОДА
"

Вчера мой доктор произнес:
«Талант в вас, может, и возможен,
но ваш паяльник обморожен,
не суйтесь из дому в мороз».

О нос!..

Неотвратимы, как часы,
у нас, у вас, у капуцинов
по всем
законам
медицины
торжественно растут носы!

Они растут среди ночи
у всех сограждан знаменитых,
у сторожей,
у замминистров,
сопя бессонно, как сычи,
они прохладны и косы,
их бьют боксеры,
щемят двери,
но в скважины, подобно дрели,
соседок ввинчены носы!

(Их роль с мистической тревогой
интуитивно чуял Гоголь.)

Мой друг Букашкин пьяны были,
им снился сон:
подобно шпилю,
сбивая люстры и тазы,
пронзая потолки разбуженные,
над ним
рос
нос,
как чеки в булочной,
нанизывая этажи!

«К чему б?» — гадал он поутру.
Сказал я: «К Страшному суду.
К ревизии кредитных дел!»

30-го Букашкин сел.

О, вечный двигатель носов!
Носы длиннее — жизнь короче.
На бледных лицах среди ночи,
как коршун или же насос,
нас всех высасывает нос,

и, говорят, у эскимосов
есть поцелуй посредством носа...

но это нам не привилось.

",Сон,неклассический,сложный,1963.0,БАЛЛАДА-ДИССЕРТАЦИЯ
"

Завгар, ты - дружинник и член партбюро,
лицо твое в прессе почет обрело,
выходишь ты в полночь,
в кармане сжав гирю, —
«Опять изнасилованную убили!»
Спи мирно, держава. Дорогами слез
гуляет Варавва и ходит Христос.

По области сперму берут на анализ.
Сознались два нервных. Рок-группа созналась.
Но телеграфирует новая ночь —
убита с подругою твоя дочь.

Пирует с дружиною страшный завгар.
И молится мальчик на воли закал.
Повсюду мерещится крик из-под кляпа:
«Папа!»
А утром записка у нового трупа:
«Да здравствует террор! Подпольная группа».

По области почерк берут на анализ.
Расстрелян один. Еще восемь сознались.
Незримый Варавва в глуши земной
творит свой мини-тридцать седьмой.

- Скажи мне, прохожий, а ты не Варавва?
- Зачем мне, дружинник, делить твою славу?
Да разве облавою схватишь в снегах
присутствие дьявола в наших шагах?..

- Я городом шел, где забытый Шагал.
Стояла тюряга у края оврага,
верней, монастырь,
превращенный в тюрягу.

Там воет в наручниках
страшный завгар.
Неужто мы жили, молясь на Варавву?..
Прости нас, Боже правый!


",Прощение,не указан,простой,1980,БАЛЛАДА О ДВУХ
"

«Баллада? О точке?! О смертной пилюле?!»
Балда!
Вы забыли о пушкинской пуле!

Что ветры свистали, как в дыры кларнетов,
в пробитые головы лучших поэтов.

Стрелою пронзив самодурство и свинство,
к потомкам неслась траектория свиста!
И не было точки. А было — начало.

Мы в землю уходим, как в двери вокзала.
И точка тоннеля, как дуло, черна...
В бессмертье она?
Иль в безвестность она?..

Нет смерти. Нет точки. Есть путь пулевой —
вторая проекция той же прямой.

В природе по смете отсутствует точка.
Мы будем бессмертны. И это — точно!

",Сохранять и покидать,не указан,простой,1958.0,БАЛЛАДА ТОЧКИ
"

В море Балтийском тюленица выла,
молит красавица преисподней:
«Матку сожгли мне полихлорбифенилы.
Тюлени больше не воспроизводятся.

Не откажите балтийской тюленице!
Нас только сто на все море и водоросли...»
Что ты наделала, интеллигенция?
Совесть больше не воспроизводится.

Рвался Петр I к Балтийскому морю,
но неужели с пророческой силой
рвался к насыщенному раствору
полихлорбифенила?

Мчатся эпохи и царства всмятку.
Я за прогресс, не за извозчика,
но атрофированная ее матка
природой больше не воспроизводится!

Вон она в море молит тюремщиков:
«Родить бы тюленчика!
Вы, человеческие сестрицы,
это когда-то и с вами случится!»

Новое явится Благовещенье.
Голубь спланирует к Богородице.
Но отвернется тихая женщина.
Человечество больше не воспроизводится.

",Морская,не указан,сложный,1980,БАЛТИЙСКАЯ ТЮЛЕНИЦА
"

Когда задевает за мозгу мозга,
нырните в бассейн «Москва».

Где алтарь Христа Спасителя,
там кипят водосмесители,
это ад, ад, ад,
это антимаскарад,
на воде вместо Крестителя
наши головы лежат.

Я в аду, жду, жду.
Пробегают на лету
в хлорных клубах
вместо шубок
чемпионки лучших клубов
с дезинфекцией во рту.

В антиплавках дьявол синий
плыл, как вызов наготе,
весь обтянутый резиной,
а где плавки — декольте.

Ад распространяет сырость
на пушкинианский дом,
где в испуге разместилось
общежитие мадонн.

Почему я опускался
на запретнейшее дно,
надевая шапок скальпы?
Видел то, что не дано.

Я лежал на спинке в полночь.
Было страшно и легко.
Я увидел возле поручня
Непорочное лицо.

Ночь морозная сияла
вкруг снесенного Кольца,
словно эхо христианства
или купол без конца.

Недоступное таможне,
что напоминает храм,
что разрушить невозможно
и понять не время нам.

",Молитва,не указан,сложный,1980,БАССЕЙН
"

Я беру тебя на поруки,
перед силами жизни и зла,
перед алчущим оком разлуки,
что уставилась из угла.

Я беру тебя на поруки
из неволи московской тщеты.
Ты — как роща после порубки,
ты мне крикнула: защити!

Отвернутся друзья и подруги.
Чтобы вспыхнуло всё голубым,
беловежскою рюмкой сивухи
головешки в печи угостим.

Затопите печаль в моем доме!
Поет прошлое в кирпичах.
Всё гори синим пламенем, кроме, —
запалите печаль!

В этих пылких поспешных поленьях,
в слове, вырвавшемся, хрипя,
ощущение преступленья,
как сказали бы раньше — греха.

Воли мне не хватало, воли.
Грех, что мы крепостны на треть.
Столько прошлых дров накололи —
хорошо им в печали гореть!

Это пахнет уже не романом —
так бывает пожар и дождь, —
на ночь смывши глаза и румяна,
побледневшая, подойдешь.

А в квартире, забытой тобою,
к прежней жизни твоей подключен,
белым черепом со змеею
будет тщетно шуршать телефон...

В этой егерской баньке бревенчатой,
точно сельские алтари,
мы такою свободой повенчаны —
у тебя есть цыгане в крови.

Я беру тебя на поруки
перед городом и людьми.
Перед ангелом воли и муки
ты меня на поруки возьми.

",Мотив белого,неклассический,сложный,1975.0,БЕЛОВЕЖСКАЯ БАЛЛАДА
"белый котенок в макушке сосны
в зимних потемках белые вопли
слезть не умеет просит сними
воет утопленник

пришла аварийка
он окружен
в «кошках» не влезешь
ствол сверху тонок
сон коротенок
двое с ружьем
воет котенок

может быть вызовем вертолет
ветер гуляет меж наших картонок
совесть поселку спать не дает
спилим сосну
в небе воет котенок

он переходит с сосны на сосну
совести мерзкий комок непутевый
клонит ко сну
еще спилим одну
спилен весь лес

в небе воет котенок

",Сон,не указан,сложный,1991,...
"

Я спросил у Папы Римского:
			   «Вы верите в тарелки?»
Улыбнувшись как нелепости,
				мне ответил Папа:
""Нет"".
И Христос небес касался,
		    легкий, как дуга троллейбуса,
чтоб стекала к нам энергия,
			движа мир две тыщи лет.
В папскую библиотеку
			дух Иванова наведывался.
И шуршал рукав папирусный. Был по времени обед.
Где-то к Висле мчались лебеди.
			Шла сикстинская побелка.
И на дне реки познанья поблескивал стилет.

Пазолини вел на лежбище по Евангелью и Лесбосу.
Боже, где надежда теплится?
				Кому вернуть билет?
Бах ослеп от математики,
		    если только верить Лейбницу.
И сибирской группы «Примус»
			римский выл эквивалент.
Округлив иллюминаторы,
		    в виде супницы и хлебницы
проплыла Капелла Паццы, как летающий объект.

В небесах на телеспутнике
		Си-би-эс сражалась с Эй-би-си.
Жили жалко. Жили мелко. Не было идей.
Землю, как такси по вызову,
			ждала зеленая тарелка.

Кто-то в ней спросил по рации:
«Вы верите в людей?»

",Небо,не указан,простой,1986.0,БЕСЕДА В РИМЕ
"

В чьем ресторане, в чьей стране — не вспомнишь,
но в полночь
есть шесть мужчин, есть стол, есть Новый год,
и женщина разгневанная — бьет!

Быть может, ей не подошла компания,
где взгляды липнут, словно листья банные?
За что — неважно. Значит, им положено —
пошла по рожам, как белье полощут.

Бей, женщина! Бей, милая! Бей, мстящая!
Вмажь майонезом лысому в подтяжках.
Бей, женщина!
Массируй им мордасы!
За все твои грядущие матрасы,

за то, что ты во всем передовая,
что на земле давно матриархат —
отбить,
обуть,
быть умной,
хохотать —
такая мука - непередаваемо!

Влепи ему в паяльник солоницу.
Мужчины, рыцари,
куда ж девались вы?!
Так хочется к кому-то прислониться —
увы...

Бей, реваншистка! Жизнь — как белый танец.
Не он, а ты его, отбивши, тянешь.
Пол-литра купишь.
Как он скучен, хрыч!
Намучишься, пока расшевелишь.

Ну можно ли в жилет пулять мороженым?!
А можно ли
в капронах
ждать в морозы?
Самой восьмого покупать мимозы —
можно?!

Виновные, валитесь на колени,
колонны, люди, лунные аллеи,
вы без нее давно бы околели!
Смотрите,
из-под грязного стола —
она, шатаясь, к зеркалу пошла.

«Ах, зеркало, прохладное стекло,
шепчу в тебя бессвязными словами,
сама к себе губами прислоняюсь
и по тебе сползаю тяжело,

и думаю: трусишки, нету сил —
меня бы кто хотя бы отлупил!..»

",Фигура женщины,не указан,сложный,1964.0,БЬЕТ ЖЕНЩИНА
"

	Л. Б.

Смех без причины —
признак дурачины.
Ещё водочки под кебаб!
Мы — эмансипированные мужчины
без баб.

Часы с вынутою пружиной —
возлежит на тарелке краб.
Тезаурусные мужчины,
мы — без баб.

Слово «безбабье» — ещё в тумане
обретёт суммарно масштаб.
Беседуют же с Богом мусульмане
без баб?

Вот Валера, дилер из Саратова,
с детства несколько косолап,
кто бы знал об его косолапости
без баб?

Или баба — глава издательства.
Получается групп-издат.
И поборы, и издевательства.
Как на лошадь надеть пиджак.

Без болтливости, что не вынести,
без капканчиков вечных «кап-кап» —
без покровительской порно-невинности,
без баб.

Без талантливого придыхания,
без словарного курабье,
дыроколы пока отдыхают
без «б».
Устаёшь от семейной прозы.
Мы беспечны, как семечек лузг.
Без вранья люксембургской Розы —
люкс!

Сжаты в «зебрах» ночные трещины,
достигается беспредел.
Наша жизнь — безрадостиженщина.
Нам без разницы, кто сгорел.

Рядом столик из разносолов —
стольник шефу от поп, сосков,
от восьми длинноногих тёлок
без мужиков.

«На абордаж!» — пронеслось над пабом.
Все рванули на абордаж.
И стол, принадлежавший бабам, —
ножки вверх! — полетел на наш.

И пошло: визг, фуражки крабьи,
зубы на пол, как монпансье...
(Мой котёночек! Ты — мой храбрый!..
Уберите с меня свои грабли!)
Бьют швейцара из ФСБ.
Так накрылась идея безбабья.
Точно клякса под пресс-папье.

Я бездарно иду домой:
все одежды мои развешаны.
Пахнет женщиной распорядок мой.
И стихи мои пахнут женщиной.

Будто в небе открылась брешина.
И мораль, ни фига себе:
«В каждой бабе ищите Женщину!»
Но без «б».

",Фигура женщины,не указан,простой,2008.0,БЕЗ «Б»
"Безоблачное небо.
Вороны черный зонт.
Сверкнул, как ручка, клюв.
Где спрятаться, свернув?

",Мотив черного,не указан,простой,1984.0,...
"

Изменяйте дьяволу, изменяйте черту,
но не изменяйте чувству безотчетному!

Есть в душе у каждого, не всегда отчетливо,
тайное отечество безотчетное.

Женщина замешана в нем темноочевая,
ты — мое отечество безотчетное!

Гуси ль быстротечные вытянут отточие —
это безотчетное, это безотчетное,

осень ли настояна на лесной рябине,
женщины ль постукают четками грибными,

иль перо обронит птица неученая —
как письмо в отечестве безотчетное...

Шинами обуетесь, мантией почетною —
только не обучитесь безотчетному.

Без него вы маетесь, точно безотцовщина,
значит, начинается безотчетное.

Это безотчетное, безотчетное
над рисковой пропастью вам пройти
				 нашептывает...

Когда черти с хохотом
		     вас подвесят за ноги,
«Что еще вам хочется?» — спросят вас под
					занавес.

— Дайте света белого,
		     дайте хлеба черного
и еще отечество безотчетное!

",Фигура женщины,не указан,сложный,1979,БЕЗОТЧЕТНОЕ
"Беззвучный цвет — весь состоит из звука,
в нем слышится небесная разлука.
От этих мук Ван Гог отрезал ухо.

Пустынный дом наполнен голосами.
Они поют и пахнут круассаном.
Прислушайтесь — кайф колоссальный!

Как медленно ползет стрела из лука!
Скучна мне скорость света или звука.
Лишь скорость мысли — сказочная штука!

Казука молча фору даст базукам.
Не без харизмы распевает щука.
И я, безукоризненная сука,
бужу тебя любовью, а не звуком.

",Молитва,не указан,простой,1999.0,...
"

Постамент — Рейхстаг. Мать его растак!
Стяг пронёс рядовой Кантария.
Мы сменили стяг. Это нам пустяк.
Но душа — навек благодарная.

Благодарствую, русский мой народ.
Я за то тебе благодарствую,
что твой принцип делать наоборот
не усёк урод государственный.

Раза три приходилось меня спасать —
времена для нас были трудные.
Но тебе спасать было как поссать —
вещь интимная, неприлюдная.

Благодарен Тебе — твой неясный след
точно раннее рандеву.
Рандевушки нет, но рандевушки свет
отпечатался наяву.

Я студентиков благодарствую
постгодаровских и т.п.
В свете творческих их катарсисов
Ты в веночке из трав лекарственных —
жив я благодаря Тебе.

",Душа,не указан,сложный,2008.0,БЛАГОДАРСТВИЕ
"

Я на болотной тропе вечерней
встретил бобра. Он заплакал вхлюп.
Ручкой стоп-крана торчал плачевно
красной эмали передний зуб.

Вставши на ласты, наморщась жалко
(у них чешуйчатые хвосты),
хлещет усатейшая русалка.
Ну, пропусти! Ну, пропусти!

(Метод нашли, ревуны коварные.
Стоит затронуть их закуток,
выйдут и плачут
	пред экскаватором —
экскаваторщик наутек!

Выйдут семейкой и лапки сложат,
и заслонят от мотора кров.
«Ваша сила —
	а наши слезы.
Рев — на рев!»)

В глазках старенького ребенка
слезы стоят на моем пути.
Ты что — уличная колонка?
Ну, пропусти, ну, пропусти!

Может, рыдал, что вода уходит?
Может, иное молил спасти?
Может быть, мстил за разор угодий!
Слезы стоят на моем пути.

Что же коленки мои ослабли?
Не останавливали пока
ни телефонные Ярославны,
ни бесноватые слезы царька.

Или же заводи и речишник
вышли дорогу не уступать,
вынесли
	плачущий
		Образ Пречистый
чтоб я опомнился, супостат?

Будьте бобры, мои годы и долы,
не для печали, а для борьбы,
встречные
	плакальщики
		укора,
будьте бобры, будьте бобры!

Непреступаемая для поступи,
непреступаемая стезя,
непреступаемая — о господи! —
непреступаемая слеза...

Я его крыл. Я дубасил палкой.
Я повернулся назад в сердцах.
Но за спиной моей новый плакал —
непроходимый другой в слезах.

",Прощение,не указан,простой,1972.0,Бобровый плач
"

	О. Табакову

Вижу скудный лес
	возле Болшева...
Дай секунду мне без
	обезболивающего!

Бог ли, бес ли,
	не надо большего,
хоть секундочку без
	обезболивающего!

Час предутренний, камасутровый,
круглосуточный, враг мой внутренний,
сосредоточась в левом плече,
вывел тотчас отряды ЧЕ.

Мужчину раны украшают.
Мученье прану укрощает.

Что ты, милый, закис?
Где ж улыбка твоя?
Может, кто мазохист,
это только не я.

Утешься битою бейсбольною.
Мертвец живет без обезболивающего.
Обезумели — теленовости,
нет презумпции
	невиновности.

Христианская, не казенная.
Боль за ближнего, за Аксенова.
Любовь людская: жизнь-досада.
Держись, Васята!
Воскрешение — понимание
чего-то больше, чем реанимация,
нам из третьего измерения —
не вернутся назад, увы,
мысли Божие, несмиренные
человеческой головы.

Разум стронется.
	Горечь мощная.

Боль, сестреночка, невозможная!

Жизнь есть боль. Бой с собой.
	Боль не чья-то — моя.

Боль зубная, как бор,
	как таблетка, мала.

Боль, как Божий топор, —
	плоть разрубленная.

Бой — отпор, бой — сыр-бор,
	игра купленная.

Боль моя, ты одна понимаешь меня.

Как любовь к палачу,
	моя вера темна.

Вся душа — как десна
	воспаленная.

Боль — остра, боль — страна
	разоренная.

Соль Звезды Рождества
	растворенная.

Соль — кристалл, боль — Христа —
	карамболь бытия.

Боль — жена, боль — сестра,
	боль — возлюбленная!

Это право на боль
и дает тебе право
на любую любовь,
закидоны и славу.

",Мотив чувства,не указан,простой,2008.0,БОЛЬ
"

В море морозном, в море зеленом
можно застынуть в пустынных салонах.
Что опечалилась, милый товарищ?
Заболеваешь, заболеваешь?

Мы запропали с тобой в теплоход
в самый канун годовщины печальной.
Что, укачало? Но это пройдет.
Все образуется, полегчает.

Ты в эти ночи родила меня,
женски, как донор, наполнив собою.
Что с тобой, младшая мама моя?
Больно?

Милая, плохо? Планета пуста,
официанты бренчат мелочишкой.
Выйдешь на палубу — пар изо рта,
не докричишься, не докричишься.

К нам, точно кошка, в каюту войдет
затосковавшая проводница.
Спросит уютно: чайку, молодежь,
или чего-нибудь подкрепиться?

Я, проводница, слезами упьюсь,
и в годовщину подобных кочевий
выпьемте, что ли, за дьявольский плюс
быть на качелях.

«Любят - не любят», за качку в мороз,
что мы сошлись в этом мире кержацком,
в наикачаемом из миров
важно прижаться.

Пьем за сварливую нашу родню,
воют, хвативши чекушку с прицепом.
Милые родичи, благодарю.
Но как тошнит с ваших точных рецептов.

Ах, как тошнит от тебя, тишина.
Благожелатели виснут на шею.
Ворот теснит, и удача тошна,
только тошнее

знать, что уже не болеть ничему,
ни раздражения, ни обиды.
Плакать начать бы, да нет, не начну.
Видно, душа, как печенка, отбита...

Ну а пока что - да здравствует бой.
Вам еще взвыть от последней обоймы.
Боль продолжается. Празднуйте боль!

Больно!

",Морская,не указан,простой,1964.0,БОЛЬНАЯ БАЛЛАДА
"

Боже, ведь я же Твой стебель,
что ж меня отдал толпе?
Боже, что я Тебе сделал?
Что я не сделал Тебе?

",Прощение,классический,простой,1975.0,...
"

Г. Джагарову
Пой, Георгий, прошлое болит.
На иконах - конская моча.
В янычары отняли мальца.
Он вернется — родину спалит.

Мы с тобой, Георгий, держим стол.
А в глазах — столетия горят.
Братия насилуют сестер.
И никто не знает, кто чей брат.

И никто не знает, кто чей сын,
материнский вырезав живот.
Под какой из вражеских личин
раненая родина зовет?

Если я, положим, янычар,
не свои ль сжигаем алтари?
Где чужие - можем различать,
но не понимаем, где свои.

Вырванные груди волоча,
остолбеневая от любви,
мама, отшатнись от палача.
Мама! У него глаза — твои.

",Мотив своего,не указан,простой,1968.0,БРАТСКАЯ ПОМОЩЬ
"

Помилуй, Время, рабов своих
непросчитанные варианты!
Носится дух, забывший,
он — дворник или Генсек?
Транзитный орден Победы
с выковырянными бриллиантами,
как будто вставная челюсть
легла
в буфетный отсек.

Кому принадлежат бриллианты?
Павшим за них миллионам?
Зомби больной эпохи,
он соблюдал режим.
Ходил он,
к сигнализации,
наверное, подключенный.
Кому мы принадлежим?

Его не судили ни стар ни мал:
«Сам он жил и другим давал».

А женщину обхаживали
генерал-бриллианты.

Тот, кто ее улещивал,
теперь обличать здоров.
Замученная игрушка
блистательных шулеров,
она с пустыми ушами
бродит по биллиардной,
где больше не слышно
шаров.

Пропали ее бриллианты,
салютами отпылали.
Ведом генерал-бриллиантом,
на «красный» шел «мерседес»,
Лежит на снегах
столица
с выковырянными
куполами.
И выковырянные таланты
с чужих
взирают
небес.

",Мотив своего,не указан,сложный,1986.0,БРИЛЛИАНТОВАЯ ЛЕГЕНДА
"

Бросками кроля в темном море,
когда плывешь ты на закат,
с тобой, как вспышки ореола,
круги брусничные стоят.

Куда ты ни переместишься,
какую мне ни шлешь беду —
я видел диски аметиста.
Я плыл с тобою в их свету.

",Морская,не указан,сложный,,...
"Был бы я крестным ходом,
я от каждого храма
по городу ежегодно
нес бы пустую раму.

И вызывали б слезы
и попадали б в раму
то святая береза,
то реки панорама.

Вбежала бы в позолоту
женщина, со свиданья
опаздывающая на работу,
не знающая, что святая.

Левая сторона улицы
видела б святую правую.
А та, в золотой оправе,
глядя на нее, плакала бы.

",Прощение,не указан,сложный,1980.0,...
"
бросил школу - шофером стал,
и однажды, вгоняя в краску,
догнал меня самосвал.

Шел с мячом я, юный бездельник.
Белобрысый гудел, дуря.
Он сказал: «Пройдешь в академики —
возьмешь меня в шофера».

И знакомого шрама гримаска
подняла уголочек рта —
так художник сдирает краску,
где улыбка вышла не та.

И сверкнула как комментарий,
на здоровом зубе горя,
посильней золотой медали,
золотая «фикса» твоя...

Жизнь проносится — что итожить?
Отчитываться не привык.
Я тебе ничего не должен.
Что гудишь за мной, грузовик?

Я ли создал мир с нищетою
и отца расстрелял войной?!
В этой жизни ты был теневою,
я ж, на вид, иной стороной.

Пол-ломтем обдирного хлеба
полукруглый встал ветровик.
На ступеньку ты ближе к небу
был, чем я, вскочив в грузовик.

Мой товарищ поры начальной
каким стал? Почему позвал?
Почему мне снится ночами,
что попал под твой самосвал?

",Небо,не указан,сложный,1980,...
"

Бьют женщину. Блестит белок.
В машине темень и жара.
И бьются ноги в потолок,
как белые прожектора!

Бьют женщину. Так бьют рабынь.
Она в заплаканной красе
срывает ручку, как рубильник,
выбрасываясь
	на шоссе!

И взвизгивали тормоза.
К ней подбегали, тормоша.
И волочили и лупили
лицом по лугу и крапиве...

Подонок, как он бил подробно,
стиляга, Чайльд-Гарольд, битюг!
Вонзался в дышащие ребра
ботинок узкий, как утюг.

О, упоенье оккупанта,
изыски деревенщины...
У поворота на Купавну
бьют женщину.

Бьют женщину. Веками бьют,
бьют юность, бьет торжественно
набата свадебного гул,
бьют женщину.

А от жаровен на щеках
горящие затрещины?
Мещанство, быт — да еще как! —
бьют женщину.

Но чист ее высокий свет,
отважный и божественный,
Религий — нет, знамений — нет.
Есть
Женщина!..

... Она как озеро лежала,
стояли очи как вода,
и не ему принадлежала
как просека или звезда,

и звезды по небу стучали,
как дождь о черное стекло,
и, скатываясь,
остужали
ее горячее чело.

",Фигура женщины,классический,простой,1960.0,БЬЮТ ЖЕНЩИНУ
"

Выбегает утром на бульвар
человек породы сенбернар.
Он передней лапой припадал,
говорили, — будучи в горах,
прыгнул за хозяином в завал
и два дня собой отогревал.
Сколько таких бродит по Руси!
Пес небесный, меня спаси.

Я его в компаниях видал.
Неуклюжий и счастливый раб,
нас сквозь снег до трапа провожал,
оставляя отпечатки лап.
Сенбернар, подбрось в аэропорт!
Сенбернар, сгоняй за коньяком!
И несется к вам во весь опор
верный пар над частым языком.

Изо всех людей или собак
сенбернары ближе к небесам.
Мы не знали, где его чердак.
Без звонка он заявлялся сам.
Может, то не лапы, а шасси!
Пес небесный, меня неси.

Пес, никто не брал тебя всерьез.
Но спасал, когда нас забывал
человек по имени Христос,
человек породы сенбернар.

Вдруг в одной из наших Галатей
он увидел бедственный сигнал
и, как в пропасть, бросился за ней.
Брось! Будь человеком, сенбернар.

Позабыл, что взят ты напрокат.
Наша жизнь — практически буран!
Женщинам не надо серенад,
был бы на подхвате сенбернар.

«Я родился быть твоим рабом,
волочить из бездны на краю.
Только жизнь тебе я подарю
на снегу, от вмятин голубом».
«Будь же человеком, дуралей!
Разбудил. Замучил. Отдышал.
Ты — четвероногая метель,
мой уже последний перевал».

Для других спасает сенбернар.
Человек влюбился для себя.
Мы на возмущенный семинар
собирались, кару торопя...

Он пришел. Нашарил в кухне газ.
Снял ошейник. Музыку врубил.
И лежал, не открывая глаз,
пока сенбернара не убил.
С той поры в компаниях пропал
человек породы сенбернар.
Как метель гуляет по Руси!
Пес небесный, меня прости.

",Мотив своего,не указан,простой,1987.0,ЧЕЛОВЕК ПОРОДЫ СЕНБЕРНАР
"

Покупайте черные простыни,
анархисты любви!
В постмалевичевском постере
белокурую прядь продери.
Замаячат в окошке над площадью
черноплодные фонари.

Экономьте рубашки нижние.
Оптимизм - цвета пропасти.
Конкурируя с чернокнижием,
расстилайте черные простыни.

Не поняв, назовут тебя проститу-
ткой соседские дилетанты.
Улетай, полуночная профи
непроглядного дельтаплана!

А вы спали на Постистории?
Вообще, вы летали? На противне
подгорали ль орешки? Попробуйте
засыпать на открытом люке
меж созвездий разлуки...

Пред квадратной Малевича тайной
современница выпалит:
«Почему он квадратный?
Потому что двуспальный!
Односпальный - параллелепипед...»

Плыть по-черному. Жить без
			просыпа.
Пока гости не облевали,
выставляйте черные простыни
на Венецианской Бьеннале.

",Мотив черного,не указан,сложный,1993.0,"ЧЕРНЫЕ ПРОСТЫНИ
"
"Читаю небо, став душою зорче.
«Я + Ты» — написано окрест.
Окончив труд, неграмотные зодчие
ставили в небе крест.

«Ястреб + облако» — написано над местностью.
Гора + город. Даль + даль.
+ золотая неизвестность,
+ просветленная печаль.

А к вечеру Луна + Солнце,
подчеркнутые линией хлебов.
«Я + Ты» — стоит над горизонтом.
«Небо + я = любовь».",Небо,неклассический,простой,1987.0,...
"

Что ты ищешь, поэт, в кочевье?
Как по свету ни колеси,
но итоги всегда плачевны,
даже если они хороши. 

Всё в ажуре — дела и личное.
И удача с тобой всегда.
Тебе в кухне готовит яичницу
золотая кинозвезда. 

Но как выйдешь за коновязи,
всё высвистывает опять,
что еще до тебя не назвали
и тебе уже не назвать.


",Фигура поэта,неклассический,сложный,1971.0,...
"

Когда спекулянты рыночные 
прицениваются к Чюрлёнису, 
поэты уходят в рыцари 
черного ерничества.

Их самоубийственный вывод: 
стать ядом во имя истины. 
Пусть мир в отвращении вырвет, 
а следовательно — очистится.

Но самое черное ерничество, 
заботясь о человеке, 
химической червоточиной 
покрыло души и реки.

Но самые черные ерники 
в белых воротничках, 
не веря ни в бога, ни в черта, 
кричат о святых вещах.

Верю в черную истину, 
верю в белую истину, 
верю в истину синюю — 
не верю в истину циника...

Мой бедный, бедный ерник! 
Какие ж твои молитвы? 
У лица дождевые дворники 
машут опасной бритвой.

Тоска твою душу ест, 
вот ты и хохмишь у фрески, 
где тащит страдалец крест: 
«Христос на воскреснике».

Поэты — рыцари чина 
Светлого образа. 
Да сгинет первопричина 
черного ерничества!


",Мотив черного,неклассический,сложный,1975.0,ЧЕРНОЕ ЕРНИЧЕСТВО
"

У адского края, где рушатся стены,
не понимая, цветет цикламена,

не понимая, не понимая,
что жить остается так минимально,
доверчивой трубкою детского ротика
цветет целомудренная эротика.
Букашка на щечке щекочет, как родинка,
не понимая, что рушится родина.
Иль то, что не знаем, поняв сокровенно?

Цвети, цикламена!

",Фигура поэта,не указан,сложный,1991.0,ЦИКЛАМЕНА
"

Да здравствуют прогулки в полвторого,
проселочная лунная дорога,
седые и сухие от мороза
розы черные коровьего навоза!

",Поле,не указан,сложный,1970,...
"

М. Сарьяну
Все как надо — звездная давка.
Чабаны у костра в кругу.
Годовалая волкодавка
разрешается на снегу.

Пахнет псиной и Новым Заветом.
Как томилась она меж нас.
Ее брюхо кололось светом,
как серебряный дикобраз.

Чабаны на кону метали —
короля, короля, короля.
Из икон, как из будок, лаяли —
кобеля, кобеля, кобеля.

А она все ложилась чаще
на репьи и сухой помет
и обнюхивала сияющий
мессианский чужой живот.

Шли бараны черные следом.
Лишь серебряный все понимал —
передачу велосипеда
его контур напоминал.

Кто-то ехал в толпе овечьей,
передачу его крутя,
думал: «Сын не спас Человечий,
пусть спасет собачье дитя».

Он сопел, белокурый кутяша,
рядом с серенькими тремя.
Стыл над лобиком нимб
		крутящийся,
словно малая шестерня.

И от малой той шестеренки
начиналось удесятеренно
сумасшествие звезд и блох.
Ибо все, что живое, — Бог.

«Аполлоны», походы, страны,
ход истории и века,
ионические бараны,
иронические снега.

По снегам, отвечая чаяньям,
отмечаясь в шоферских чайных,
ирод Сидоров шел с мешком
с извиняющимся смешком.

",Снег,не указан,сложный,1969.0,ДЕКАБРЬСКИЕ ПАСТБИЩА
"

Константирует Кедров
поэтический код декретов.
Константирует Кедров
недра пройденных километров.
Так, беся современников,
как кулич на лопате,
константировал Мельников
особняк на Арбате.
Для кого он горбатил,
сумасшедший арбайтер?
Бог поэту сказал: «Мужик,
покажите язык!»
Покажите язык свой, нежить!
Но не бомбу, не штык —
в волдырях, обожжённый, нежный
покажите язык!
Ржёт похабнейшая эпоха.
У нее медицинский бзик.
Ей с наивностью скомороха
покажите язык.
Монстры ходят на демонстрации.
Демонстрирует блядь шелка.
А поэт — это только страстная
демонстрация языка.
Алой маковкой небесовской
из глубин живота двоякого
оперируемый МаЯКОВский
демонстрирует ЯКОВА...
Эфемерность евроремонтов
константирующий Леонтьев
повторяет несметным вдовам:
«Поэт небом аккредитован!»
Поэтического скинхеда
виден череп в компьютерной мыши.
Мысль — это константа Кедрова.
Кедров — это константа мысли.

",Фигура поэта,не указан,сложный,2002.0,ДЕМОНСТРАЦИЯ ЯЗЫКА
,Любовная,не указан,простой,,ДЕРЕВЯННЫЙ ЗАЛ
,Любовная,не указан,простой,1982,ДЕРЕВЯННЫЙ ЗАЛ
"

В войну мы были маленькими.
Мы были ростом с валенки,
точнее с сапоги —
кирзовые, брезентовые,
скрипучие, бессмертные,
добытые с убитого,
с товарища ноги.

В чем мерка поколения?
Что взрослым по колено,
их горестные броды,
то нам под подбородок.
Мы дети-сапоги.

Мы научились многому —
быть парой одноногому
среди ночной пурги.

Когда любили матери,
нас клали за кроватями.
«Сними-ка, помоги».
Мы были с ними вровень,
отмытыми от крови —
кто с ложкой, кто почище
с ножом за голенищем,
со скрипом за две тыщи,
за Вислу от Мытищей
свистали каблуки!

Делились с нами опытом,
разбитые Европою,
с отставшими набойками,
не знавшие Набокова,
но с Богом коротки.

Вздыхали их гармошки
про стежки и дорожки
неясной нам тоски.

Отсюда наши пешие,
проселочные, спешные,
не в кабинетах спетые,
а на ходу - стихи.

Отсюда семимильные,
как через поле минное,
порой непоправимые,
но верные шаги.

",Поле,не указан,сложный,1990.0,ДЕТИ-САПОГИ
"

Все таланты его от дочери.
Он от дочки произошёл.
Гениальные многоточия
он малюет на мокрый шёлк.

Почему он, гулявший дочерна,
видит в бритвенном зеркальце
как великие очи дочери
расцветают в его лице?

Был он скряга, потухший кратер,
нынче пробует всем помочь,
изменила его характер
прародительница дочь.

А сама пиво пьёт наивно,
в комбинезончике, как оса,
переведши талант на имя
новорожденного отца.

А ему всех наград не надо
лишь бы мог день и ночь толочь:
«доча—доча—дочадочадо — чадо-
дочь».

Не таил он в душе заточку,
зато в будущем витал —
муку взяв на себя за дочку,
чёрный кайф предугадал.

Так закидывают альпинисты,
крюк с верёвкой на неба край,
чтоб вытягивала неистово
та верёвочка к Богу, в рай!

",Мотив черного,не указан,сложный,2001.0,ДОЧЬ ХУДОЖНИКА
"

Ну почему он столько раз про ос,
сосущих ось земную, произносит?
Он, не осознавая, произнес:
«Ося...»

Поэты любят имя повторять —
«Сергей», «Владимир» — сквозь земную осыпь.
Он имя позабыл, что он хотел сказать.
Он по себе вздохнул за тыщу лет назад:
«Ох, Осип...»

",Фигура поэта,не указан,сложный,1982.0,Догадка
"

Пора! Дорожки свёртывают море.
Домой — к Содому и Гоморре.

В приливе чувства безутешного
с тебя подводная волна
трусы снимает, словно женщина.
С тобой последний раз она.


",Морская,не указан,простой,1998.0,ДОМОЙ!
"

Дорогие литсобратья!
Как я счастлив оттого,
что средь общей благодати
меня кроют одного.

Как овечка черной шерсти,
я не зря живу свой век —
оттеняю совершенство
безукоризненных коллег.


",Мотив черного,неклассический,сложный,1975.0,...
"

Один в поле воин.
Раз нету второго,
не вижу причины откладывать бой.
Единственной жизнью
прикрыта дорога.
Единственной спичкой гремит коробок.
Один в поле воин. Один в небе Бог.

Вас нет со мной рядом,
дозорных отряда.
Убиты. Отправились в вечный покой.
Две звездочки сверху
поставите свечкой
тому, кто остался доигрывать бой.

Дай смерти и воли,
волшебное поле.
Я в арифметике не силен.
Не красть вам Россию,
блатные батыи.
И имя вам — свора, а не легион.

И слева и справа
удары оравы.
Я был одинок среди стужи ночной.
Удары ретивы —
теплей в коллективе!
И нет перспективы мне выиграть бой.

Нет Сергия Радонежского с тобою.
Грехи отпустить и тоску остудить.
Один в поле воин, но если есть поле -
то, значит, вас двое,
и ты не один.

Так русский писатель — полтыщи лет после,
всей грязи назло —
попросит развеять его в чистом поле
за то, что его в сорок первом спасло.

За мною останется поле великое
и тысячелетья побед и невзгод.
Счастливым моим, перерезанным криком
зову тебя, поле!
Поле придет.

",Поле,не указан,простой,1980,ДОЗОРНЫЙ ПЕРЕД ПОЛЕМ КУЛИКОВЫМ
"

Бьют по звуку полет над зорьками
близорукие дальнозоркие.
Видят космос вместо Калуги —
дальнозоркие близоруки.

Озверели затворы, лязгая.
Не для Славы, не для Георгия
все стоят на глазах с повязкою
близорукие дальнозоркие.

Лжеподвижниками пытаются
обзывать их. И лженаукою.
Экстрасенсы прозрели пальцами —
яснорукие!

Андромеды. Гомер — аппендикс,
по ошибке не удаленный.
Обожаю слепые песни!
В них дозренье неутоленное.

Иснолать вам, пророки руганые!
Путевые столбы? Позорные!
С них глядят на нас близорукие —
близорукие дальнозоркие.

",Длань,не указан,простой,,Дозренье
"

1
Босой, с тоской на горбу
земных свобод и табу,
приду к тебе, древо Бо,
где медитировал Бу.

Корни, как змей клубо,
плели и мою судьбу —
недосказанное Бо,
недопонятое Бу.

Ветки его раскидистые, как трубы теплоцентрали,
мешали табу и тубо.
«У» поднимало хобо.
Бу мычали: «Бо дай!»
Жабы дышали в жабо.
Под древние «буги-вуги»
выпархивали незабодки на Гоголевский бу
Болыжники играли в волейбо
Буди-гард проверял альков.
И тыщи зелёных часовенок
вонзались шпилями в небо.
Это были листья Бо.

Мы спрессованы в толпу,
будто спичек коробо
недосказанное Бу.
Неопознанное Бо.

Как корзина баскетбо
окольцован шейх на лбу.
«Бабы — не созданье Бо» —
как учил великий Бу.

В третий глаз гляжу — в пупо,
как в подзорную трубу.
Недодуманное Бо.
Неразбуженное Бу.

Конь в пальто всё ждёт Годо.
Кар чернеет на дубу.
Неразгаданное Бо.
Недодуманное Бу.

Наш философ из сельпо
все буробит про борьбу.
Я люблю твою губу
с песенкою «Се-си-бо».

Англосакс сказал: «рейнбо».
Шантеклер сказал «Рембо».
А скинхед поправил: «Рэмбо»
и подал своё ребро.
На дворе Армагеддо.
Люди смотрят бельмонду.
Под невозмутимым Бо
медитирующий Бу.

Мы рассыпаны, как спички,
возлежим под древом Бо.
В рассеянное небо
обленилось нас поднять.

Женщина, роняя шпильки,
возлежит трезва, как Спилберг.
Она нам не возражает.
Просто родила Бу.

2

Сидели четыре Бу.
Но главное было «Будто».

Погода тиха — будто пагода.
Бесконечность — будто бурунду.
И всё будто пело и плакало,
как музыкальный сундук.

Нам будущим было «Будто»,
вчера и сегодня — Бу.
Мы даже живём как будто,
но это театр Кибу.

Уличные бутоны
задумались об оргазме.
И слон в ушах, как в будённовке,
мечтал о противогазе.

Ты будто меня не забудешь,
когда не будет меня.

И листья, что вниз глядели,
чтобы вонзаться в небо,
имели, как виолончели,
в задничках остриё...
Я опять за своё.

Бабка в деревне нашей,
нас вынеся на горбу,
будто царевна спящая
в целлофановом спит гробу...

3

Две тыщи триста лет
познанье сквозь нас росло.
Монах нас ведёт — Скинхед,
сияющий, будто дупло.

Народы, сняв свои тапочки,
поняв, что спилить слабо, —
желаний цветные тряпочки
вешают вокруг Бо.

Сакс сказал: «Tree Во».
Баян поправил:«Стрибо».
Скинхед послал на три бу
и вывесил свои атрибу.

Меж них свой шейный платок
я вывешу, как мольбу.
И в небе каждый листок:
«Мама! — кричит, — бо-бо!»


",Мотив своего,не указан,простой,1999.0,ДРЕВО БО
"Друг, не пой мне песню про Сталина.
Эта песенка не простая.
Непроста усов седина.
То хрустальна, а то мутна.

Как плотина усы блистали,
как присяга иным векам.
Партизаночка шла босая
к их сиянию по снегам.

Кто в них верил? И кто в них сгинул,
как иголка в седой копне?
Их разглаживали при гимне.
Их мочили в красном вине.

И торжественно над страною,
словно птица страшной красы,
плыли с красной бахромою
государственные усы...

",Территориальная,не указан,простой,1958.0,...
"Две чашки в сумерках белели —
как оттиск в гипсе молодом,
что вы оставили, миледи,
здесь, наклонившись над столом.

",Сохранять и покидать,не указан,сложный,1980,...
"

Как заклинание псалма,
безумец, по полю несясь,
твердил он подпись из письма:
«Wobulimans» — «Вобюлиманс».

«Родной! Прошло осьмнадцать лет,
у нашей дочери — роман.
Сожги мой почерк и пакет.
С нами любовь. Вобюлиманс.
Р. S. Не удался пасьянс».

Мелькнет трефовый силуэт
головки с буклями с боков.
И промахнется пистолет.
Вобюлиманс — с нами любовь.

Но жизнь идет наоборот.
Мигает с плахи Емельян.
И все Россия не поймет,
С нами любовь — Вобюлиманс.

",Поле,не указан,простой,1977.0,E.W.
"Единственно живой средь неживых,
	свидетелем он Рая стал и Ада,
	обитель справедливую Расплаты
	он, как анатом, все круги постиг.
Он видел Бога. Звездопадный стих
	над родиной моей рыдал набатно.
	Певцу нужны небесные награды.
	Ему не надо почестей людских.
(Я говорю о Данте. Это он
	не понят был. Я говорю о Данте.)
	Он озверевшей банде был смешон.
Непониманье гения — закон.
	О, дайте мне его прозренье, дайте!
	И я готов, как он, быть осужден.

",Молитва,не указан,простой,1975.0,...
"

— Я медлила, включивши зажиганье.
Куда поехать? Ночь была шикарна.
Дрожал капот, как нервная борзая.
Дрожало тело. Ночь зажгла вокзалы.
Все нетерпенье возраста Бальзака
меня сквозь кожу пузырьками жгло —
шампанский возраст с примесью бальзама!

Я опустила левое стекло.

И подошли два юные Делона —
в манто из норки, шеи оголенны.
«Свободны, мисс? Расслабиться не прочь?
Пятьсот за вечер, тысячу за ночь».

Я вспыхнула. Меня, как проститутку,
восприняли! А сердце билось жутко:
тебя хотят, ты — блеск, ты молода!
Я возмутилась. Я сказала: «Да».

Другой добавил, бедрами покачивая,
потупив голубую непорочь:
«Вдруг есть подруга, как и вы — богачка?
Беру я так же — тысячу за ночь».

Ах, сволочи! продажные исчадья!
Обдав их газом, я умчалась прочь.
А сердце билось от тоски и счастья!
«Пятьсот за вечер, тысячу — за ночь».

",Мотив чувства,не указан,простой,1989.0,ЕЕ ПОВЕСТЬ
"

Борька — Любку, Чубук — двух Мил,
а он учителку полюбил!

Елена Сергеевна, ах, она...
(Ленка по уши влюблена!)

Елена Сергеевна входит в класс.
(«Милый!» — Ленка кричит из глаз.)

Елена Сергеевна ведет урок.
(Ленка, вспыхнув, крошит мелок.)

Понимая, не понимая,
точно в церкви или в кино,
мы взирали, как над пеналами
шло таинственное
оно...

И стоит она возле окон —
чернокосая, синеокая,
закусивши свой красный рот,
белый табель его берет!

Что им делать, таким двоим?
Мы не ведаем, что творим.
Педсоветы сидят:«Учтите,
вы советский никак учитель!

На Смоленской вас вместе вцдели...»
Как возмездье, грядут родители.
Ленка-хищница, Ленка-мразь,
ты ребенка втоптала в грязь!

«О спасибо моя учительница
за твою высоту лучистую
как сквозь первый ночной снежок
я затверживал твой урок

и сейчас как звон выручалочки
из жемчужных уплывших стран
окликает меня англичаночка —
«проспишь алгебру,
мальчуган...»

Ленка, милая, Ленка — где?
Ленка где-то в Алма-Ате.
Ленку сшибли, как птицу влет...

Елена Сергеевна водку пьет.

",Территориальная,не указан,сложный,1958.0,ЕЛЕНА СЕРГЕЕВНА
"

За окном кариатиды,
а в квартирах — каблуки...
Елок
       крылья
                  реактивные
прош ибают потолки!
Что за чуда нам пророчатся?
Какая из шарад
в этой хвойной непорочности,
в этих огненны х шарах?!
О, девчонка с мандолиной!

Одуряя и журя,
полыхает мандарином
рыжей челки кожура!
Расшалилась, точно школьница,
иголочки грызет...

Что хочется,
                    чем колется
ей следующий год?
Века, бокалы, луны...
«Туши! Туши!»

Любовь всегда —
	             кануны.
В ней —
              Новый год
                                души.
А елочное буйство,
как женщина впотьмах —
вся в будущем,
                       как в бусах,
и иглы на губах!

",Время,не указан,сложный,1959.0,ЕЛКА
"

Была у меня девочка —
как белая тарелочка.
Очи — как очко.
Не разбей её.
	


Вы мне читаете, притворщик,
свои стихи в порядке бреда.
Вы режиссёр, Юрий Петрович.
Но я люблю Вас как поэта.

Когда актёры, грим оттёрши,
выходят, истину поведав,
вы — божьей милостью актёры.
Но я люблю вас как поэтов.

Тридцати летнюю традицию
уже не назовёте модой.
Не сберегли мы наши лица.
Для драки требуются морды.

Таганка — кодло молодое!
Сегодня с дерзкою рассадой
Вы в нашем сумасшедшем доме
решились показать де Сада.

В психушке уровня карманников,
Содома нашего, позорища,
де Сад — единственный нормальный.
И с ним птенцы гнезда Петровича.

Сегодня, оперив полмира,
заправив бензобак петролем,
Вы придуряетесь под Лира.
Но Вы поэт, Юрий Петрович.

Сквозь нас столетье просвистело.
Ещё не раз встряхнёте Вы
нас лебединой песней — белой
двукрылой Вашей головы...

То чувство страшно растерять.
Но не дождутся, чтобы где-то
во мне зарезали Театр,
а в Вас угробили Поэта.

",Фигура поэта,не указан,простой,1999.0,ЭПИСТОЛА С ЭПИГРАФОМ
,Молитва,не указан,простой,1972,...
"Этот плоский отель
поперек побережья и лета —
будто чья-то невидимая рука
задержала над магнитофоном
кассету.
но какой стороной —
не решила пока.
Я не знаю, что будет с тобой и со мною,
не знаю,
и какою все это пойдет стороной?..
Коридорной дорожкой
ступня записалась босая.
Ее утром сотрет
старомодный прибой.
Я живу через стенку с непробудным
спортсменом.
Ты, как музыка,
женщина,
через судьбы пройдешь.
Ты с собою увозишь
отеля протяжную тему.
Он,
чем больше отходишь,
тем больше с кассетою
схож.

",Длань,не указан,сложный,1980,...
"

Я тело мальчика нашла,
замотанного, тяжеленного,
его тащила по Вселенной,
едва до Рая донесла.

Тряпица с плечика сползла,
открылось крылышко, сползая.
Тебя я, ангел мой, спасла,
не зная, что себя спасала.

",Территориальная,не указан,сложный,2009.0,ЕЁ СОН
"

Ухаживали. Фаловали.
Тебе, едва глаза протру,
фиалки — неба филиалы —
я рвал и ставил поутру.

Они из чашки хорошели.
Стыдясь, на цыпочках, врастяг
к тебе протягивали шеи,
как будто школьницы в гостях.

Одна, отпавшая от сверстниц,
в воде стоящая по грудь,
свою отдать хотела свежесть
кому-нибудь, кому-нибудь...

Упёршись в чашку подбородком,
как девочка из «Де Maro»,
ждёт жестом эротично-кротким —
но — никого, но никого.

",Мотив своего,не указан,сложный,2008.0,Ф-КИ
"

Пляска затылков,
блузок, грудей —
это в Бутырках
бреют блядей.

Век турбулентный.
Век параной.
Может, и Лермонтова
под ноль?

Ах, Михал Юрьич,
сдай на анализы -
свою порноюность
сбреем налысо.

Пей вверх тормашками,
влей депрессант,
чтоб нового «Сашку»
не смог написать...

Волос - под ноль.
Воля - под ноль.
Больше не выйдешь
под выходной!

Смех беспокоен,
снег бестолков.
Под «Метрополем»
дробь каблучков.

Точно косули,
зябко стоят.
Вешних сосулек
грешный обряд.

Фары по роже
хлещут, как жгут.
Их в Запорожье
матери ждут.

Их за бутылками
не разглядишь.
Бреют в Бутырках
бедных блядищ.

Эх, бедовая
судьба девчачья!
Снявши голову,
по волосам не плачут.

",Время,не указан,простой,1957.0,ФЕСТИВАЛЬ МОЛОДЕЖИ
,Сохранять и покидать,не указан,простой,,...
"

(мотивы Микеланджело)

Я нищая падаль. Я пища для морга
	Мне душно, как джинну в бутылке прогорклой,
	как в тьме позвоночника костному мозгу!

В каморке моей, как в гробнице промозглой,
	Арахна свивает свою паутину.
	Моя дольче вита пропахла помойкой.

Я слышу — об стену журчит мочевина.
	Угрюмый гигант из священного шланга
	мой дом подмывает. Он пьян, очевидно.

Полно во дворе человечьего шлака.
	Дерьмо каменеет, как главы соборные.
	Избыток дерьма в этом мире, однако.

Я вам не общественная уборная!
	Горд вашим доверьем. Но я же не урна...
	Судьба моя скромная и убогая.

Теперь опишу мою внешность с натуры,
	Ужасен мой лик, бороденка — как щетка.
	Зубарики пляшут, как клавиатура.

К тому же я глохну. А в глотке щекотно!
	Паук заселил мое левое ухо,
	а в правом сверчок верещит, как трещотка.

Мой голос жужжит, как под склянкою муха.
	Из нижнего горла, архангельски гулкая,
	не вырвется фуга плененного духа.

Где синие очи? Повыцвели буркалы.
	Но если серьезно — я рад, что горюю,
	я рад, что одет, как воронее пугало.

Большая беда вытесняет меньшую.
	Чем горше, тем слаще становится участь.
	Сейчас оплеуха милей поцелуя.

Дешев парадокс — но я радуюсь, мучась.
	Верней, нахожу наслажденье в печали.
	В отчаянной доле есть ряд преимуществ.

Пусть пуст кошелек мой. Какие детали!
	Зато в мочевом пузыре, как монеты,
	три камня торжественно забренчали.

Мои мадригалы, мои триолеты
	послужат оберткою в бакалее
	и станут бумагою туалетной.

Зачем ты, художник, парил в эмпиреях,
	К иным поколеньям взвивал свой треножник?!
	Все прах и тщета. В нищете околею.
Таков твой итог, досточтимый художник.

",Мотив своего,не указан,простой,1979.0,Фрагмент автопортрета
"

Левый крайний!

Самый тощий в душевой,
самый страшный на штрафной,
бито стекол — боже мой!
И гераней...
Нынче пулей меж тузов,
блещет попкой из трусов
левый крайний.

Левый шпарит, левый лупит.
Стадион нагнулся лупой,
прожигательным стеклом
над дымящимся мячом.

Правый край спешит заслоном,
он сипит, как сто сифонов,
ста медалями увенчан,
стольким ноги поувечил.

Левый крайний, милый мой,
ты играешь головой!

О, атака до угара!
Одурение удара.
Только мяч,

мяч,
мяч,
только — вмажь,
вмажь,
вмажь!

«Наши — ваши» — к Богу в рай...
Ай!
Что наделал левый край!..

Мяч лежит в своих воротах.
Солнце черной сковородкой.
Ты уходишь, как горбун,
под молчание трибун.

Левый крайний...

Не сбываются мечты,
с ног срезаются мячи.
И под краном
ты повинный чубчик мочишь,
ты горюешь
и бормочешь:
«А ударчик — самый сок,
прямо в верхний уголок!»

",Прощение,не указан,сложный,1962.0,ФУТБОЛЬНОЕ
"

Вода и камень.
Вода и хлеб.
Спят вверх ногами
Борис и Глеб.

Такая мятная
вода с утра —
вкус Богоматери
и серебра!

Плюс вкус свободы
без лишних глаз.
Не слово Бога —
природы глас.

Стена и воля.
Вода и плоть.
А вместо соли —
	подснежников щепоть

",Сон,не указан,простой,1970.0,Горный монастырь
"

Стучат каблучонки
как будто копытца
девчонка
             к колонке
сбегает напиться

и талия блещет
увертливей змейки
и юбочка плещет
как брызги из лейки

хохочет девчонка
и голову мочит
журчащая челка
с водою лопочет

две чудных речонки
к кому кто приник?
и кто тут
девчонка?
и кто тут родник?

",Сохранять и покидать,не указан,сложный,1955.0,ГОРНЫЙ РОДНИЧОК
"

Облупленные морды.
Костер. Ручей.
Мы молоды и голодны,
как сто чертей.

И Лялька, Лялька
в фуфаечке тугой,
курносая, как лайка,
хлопочет над ухой.

Хошь не хошь,
гож не гож —
гость!..

А гость садится к чайнику,
он хмур не по годам,
щетина, как лишайник,
сползает по щекам.

Упруги щечки пресные,
как пара ягодиц:
— По-вашему, я — «плесень»,
«сектант», «иеговист».
Мы — поколенье лишнее,
мы маски без лица,
сквозь стеганые лифчики
не слышатся сердца.
Стареющие женщины
учили нас любви,
отсюда горечь желчная
и пустота в крови...

А Лялька, Лялька, Лялька,
ой, сатана,
ему рюкзачной лямкой
по роже — на! на!..

Гагарин — пропаганда?
А Братск, а Сталинград?
Поганка, ты поганка!
Гад, гад, гад!

Ах, как она хлестала...
А после, у ольхи,
как она роняла
слезинки в угольки...

",Мотив чувства,не указан,сложный,1958.0,ГОСТЬ У КОСТРА
"

Я не стремлюсь лидировать,
где тараканьи бега.
Пытаюсь реабилитировать
в стране понятье греха.

Душевное отупение
отъевшихся кукарек —
это не преступленье —
великий грех.

Когда осквернен колодец
или Феофан Грек,
это не уголовный,
а смертный грех.

Когда в твоей женщине пленной
зарезан будущий смех —
это не преступленье,
а смертный грех...

Не было б для Прометея
великим грехом — не красть.
И было б грехом смертельным
для Аннушки Керн — не пасть.

Ах, как она совершила
его на глазах у всех —
Россию завороживший
бессмертный грех!

А гениальный грешник
пред будущим грешен был
не тем, что любил черешни,
был грешен, что — не убил.

",Фигура женщины,не указан,сложный,1977.0,Грех
,Территориальная,не указан,простой,1993,ГРЕХ УНЫНИЯ
"

- Мы — не люди, грибные мутанты,
мы — туманты.
Гуманизма исчезнувший мамонт
потоптал нашу честную маму.
Мы — to-night’ы.

Меломаны, в скрипичные такты
на ушах мы вползаем, как танки,
хохматанты,
мы — тьмутараканты.

Детки смотрят в подъездах
мультяшки
Жизнь смутьянов охомутала,
откусивши язык Эзопов,
нынче в душах, как из сексшопов,
вылезают грибные мутанты.

Двухголовый пацан веселится,
и летит двухголовая птица,
все кодируют наши грибницы.
И, мыча, демонстрируют люди
две души, словно женские груди.
Жизнь удачная — только мудачная.
Мы проходим муки мутации.

И когда ты путанкою тычешься,
черный рыжик с подкраскою панка,
по губам твоим наркотическим
понимаю — грибная мутантка!

Но ночами с балкона подолгу
глядя в необъяснимую высь,
ты читаешь свое подобье
в шевеленье Небесных грибниц...

И когда нас земля поглотит
в чрево Данте,
долго будет планету мутить.
Мы — мутанты...

",Душа,не указан,сложный,1980,ГРИБНИЦА
"

Вас за плечи держали
Ручищи эполетов.
Вы рвались и дерзали, - 
Гусары и поэты!

И уносились ментики
Меж склонов-черепах...
И полковые медики
Копались в черепах.

Но оставались песни.
Они, как звон подков,
Взвивались в поднебесье
До будущих веков.

Их горная дорога
Крутила, как праща.
И к нашему порогу
Добросила, свища.

И снова мертвой петлею
Несутся до рассвета
Такие же отпетые - 
Шоферы и поэты!

Их фары по спирали
Уходят в небосвод.
Вы совесть потеряли!
Куда нас занесет?!

Из горного озона
В даль будущих веков
Летят высоким зовом
Гудки грузовиков.

",Фигура поэта,не указан,сложный,1958.0,ГРУЗИНСКИЕ ДОРОГИ
"


во Мцхете острая душа?
На карандашную точилку
для Божьего карандаша.

То наконечники-верхушки
вздымались, головы кружа.
И реки уносили стружки
нездешнего карандаша.

Но тот ли карандаш всевышний
чертой отметил дорогой
след самолета, ветку вишни
и рукописный городок?

Какою любящею линией
очерчен поднебесный сад,
где ночью распускалась лилия —
как в стойке делала шпагат?

На радость это или гибель?
Бог это или просто так?
Но краска стертая и грифель
внутри остались на стенах.

И мне от Грузии не надо
иных наград, чем эта блажь, -
чтоб заточала с небом рядом
и заточила карандаш.

",Прошедшее,не указан,сложный,1980,ГРУЗИНСКИЕ ХРАМЫ
"

Пещера за мною искрит, как кресало.
Я — воскресаю.

Мария, поверь мне! Окстись, Куросава.
Я — воскресаю.

Под нами ристалища. Птичьи стаи.
Мелькают бутылками башни Кремля.
Я потрясающе воскресаю.
Качнется затылком планета Земля.

Я — воскресаю!

Летит сзади жизнь, как пустая соломинка.
Иные пути горизонт отворил.
И некто, весь в белом, похож на садовника,
как будто бы камень с души отвалил.

Но каждая малость в селенье Эммаус
кричит: «Понимаешь,
		чуток задержись!»
Неужто бессмертье, куда подымаюсь,
ценней, чем гримасничающая жизнь?

Работа тяжелая — воскресение:
осталась кровавая мука испарины.
Она — никаким неземным просветлением,
увы, не исправлена.

На третьи сутки ты встанешь разутая,
увидишь на кухне разгромленный стол,
ты в полном рассудке, но это не шутка, —
кто-то вошел.

На третьи сутки я вызову трепет.
Ты лучше в Евангелье посмотри.
Сталин умер в 53-м,
Воскресший дал рыбин — 153.

А ножки твои холодны, как рыбешки.
Опять воскресенье в преддверье весны.
«Опять те же сны», — ты сквозь сон улыбнешься.
И я в потрясенье! «Опять те же сны...»

Ты знаешь, как вырубить полтергейсты,
как выбрать шпинат.
Но даже под стрижкою посттургеневской
тебе воскресения не понять.

Во мне воскресают и Пресня, и Пресли,
и папские инвалидные кресла.

Тайфун поглощает людскую заразу,
как ухо безумного унитаза!

Крысиные страхи — кораблекрушение.
Начальников fuckаю.
Горят керосинные воскресения.
Горят люди-факелы.

И жаждет реванша эстрады жупел.
Фома прозревавший мне раны щупал.

Все стало обычным, как чай с круассаном.
Я — воскресаю.

Со свечками торт розовеет, как вымя,
полтергейсты его вкушают.
Бог назвал нас «жестоковыйными»
с необрезанным сердцем и ушами.

Мультяшки Японии,
грусть Хокусая,
другими непонятый —
в других воскресаю.

Ни сплетен, ни слухов,
назло медицине.
Во имя Духа,
Отца и Сына.

Я нужен — как пристани
зов парохода.
Я знаю, что истина —
это Свобода.

Как будто безумный моряк на мачтах,
не понимаю, что восклицаю,
я вижу тебя, неродившийся мальчик,
тебе — воскресаю.

В Лопаткиной вдруг проступает Карсавина.
В других — ВОСКРЕСАЮ!

Мои зубы смеются с улицы.
Мои губы с Твоими целуются.
Мои руки с Твоими сплетаются —
это муки реабилитации.

Мои очи — укор очкарикам.
В моих почках — «бочковое с гарликом».
Мысли-мухи в мозгу базарятся.
Это муки цивилизации.

Этажи снижаются в лифте.
Дух мой с плотью еще в конфликте.
У Есенина спазмы шейные —
это плата за воскрешение.

Пускай назавтра след потерялся,
жизнь — метафора христианства.
Гамадрилы гадят в церковке сельской,
мой прапрадед — архимандрит Вознесенский.

XX век улетает, тлея,
как два креста Святого Андрея.
В XXI соединим,
+ один муэдзин.

Мощным крещендо
шатая зал,
своим воскрешеньем
Христос сказал:

«Я первый страдаю
от бед несуразных,
в Тмутаракани, в Гвинее-Бисау
я вас заслоняю крестообразно,

за всех — ВОСКРЕСАЮ!»
",Длань,неклассический,простой,2006.0,Х. В.
"

Я сплю на чужих кроватях, 
сижу на чужих стульях, 
порой одет в привозное, 
ставлю свои книги на чужие стеллажи, — 
но свет 
должен быть 
собственного производства.
Поэтому я делаю витражи.
 
Уважаю продукцию ГУМа и Пассажа, 
но крылья за моей спиной 
работают как ветряки.
Свет не может быть купленным 
или продажным.
Поэтому я делаю витражи.

Я прутья свариваю электросваркой.
В наших магазинах не достать сырья.
Я нашел тебя на свалке.
Но я заставлю тебя сиять.

Да будет свет в Тебе 
молитвенный и кафедральный, 
да будут сумерки как тамариск, 
да будет свет 
в малиновых Твоих подфарниках, 
когда Ты в сумерках притормозишь.

Но тут мое хобби подменяется любовью.
Жизнь расколота? Не скажи!
За окнами пахнет средневековьем.
Поэтому я делаю витражи.

Человек на 60% из химикалиев, 
на 40% из лжи и ржи...
Но на 1% из Микеланджело!
Поэтому я делаю витражи.

Но тут мое хобби занимается теософией.
Пузырьки внутри сколов 
стоят, как боржом.
Прибью витраж на калитку тесовую.
Пусть лес исповедуется 
перед витражом.

Но это уже касается жизни, а не искусства.
Жжет мои легкие эпоксидная смола.
Мне предлагали (по случаю) 
елисеевскую люстру.
Спасибо. Мала.

Ко мне прицениваются барышники, 
клюют обманутые стрижи.
В меня прицеливаются булыжники.
Поэтому я делаю витражи.


",Сон,неклассический,простой,1975.0,ХОББИ СВЕТА
"

Я 41-я на Плисецкую,
26-я на пледы чешские,
30-я на Таганку,
35-я на Ваганьково,
кто на Мадонну — запись на Морвокзале,
а Вы с ребенком, тут не стояли!
Кто был девятая, станет десятой,
Борисова станет Мусатовой,
я 16-я к глазному,
75-я на Глазунова,
110-я на аборты
(придет очередь — подработаю),
26-я на фестивали,
а Вы с ребенком, тут не стояли!
47-я на автодетали
(меня родили — и записали),
я уже 1000-я на автомобили
(меня записали — потом родили),
что дают? кому давать?
А еще мать!
Я 45-я за 35-ми,
а Вы с ребенком, чего тут пялитесь?
Кто на Мадонну — отметка в 10-ть.
А Вы с ребенком — и не надейтесь!
Не вы, а я —1-я на среду,
а Вы — первая куда следует...
(Продолжение следует)

",Молитва,не указан,сложный,1974,ХОР НИМФ
"

На сердце хмара.
В век безвременья
мы не построили своего храма.
Мы все — римейки.

Мы возвели, что взорвали хамы,
Нас небеса еще не простили —
мы не построили своего храма.
В нас нету стиля.

Мышки-норушки,
не сеем сами.
Красой нарышкинской, душой нарушенной,
чужими молимся словесами.

Тишь в нашей заводи.
Но скажем прямо —
создал же Гауди молитву-ауди.
Но мы не создали с в о е г о храма.

Не в форме порно.
Но даже в сердце
мы не построили нерукотворной
домашней церкви.

Бог нас не видит.
И оттого
все наши драмы —
мы не построили своего
храма.",Мотив своего,не указан,простой,1996,ХРАМ
"

Ты кричишь, что я твой изувер,
и, от ненависти хорошея,
изгибаешь, как дерзкая зверь,
голубой позвоночник и шею.

Недостойную фразу твою
не стерплю, побледнею от вздору.
Но тебя я боготворю.
И тебе стать другой не позволю.

Эй, послушай! Покуда я жив,
жив покуда,
будет люд тебе в храмах служить,
на тебя молясь, на паскуду.

",Прощение,неклассический,сложный,1973.0,ХУДОЖНИК И МОДЕЛЬ
"

Поэт не имеет опалы,
спокоен к награде любой.
Звезда не имеет оправы
ни черной, ни золотой.

Звезду не убить каменюгами,
ни точным прицелом наград.
Он примет удар камер-юнкерства,
посетует, что маловат.

Важны не хула или слава,
а есть в нем музыка иль нет.
Опальны земные державы,
когда отвернется поэт.

",Фигура поэта,не указан,сложный,1978.0,Хулы и награды
"Идет перетягивание каната.
«Здесь» — «там».
Все меньше темная наша команда.
Как тянет к себе другой капитан!

",Стремление,не указан,простой,1980,...
"

Сыграем в наперсток, подросток!
Зачем на вокзальных столах
Россия играет в наперсток,
как если бы пить перестав?

На крышках литых «дипломатов»
на досках судьбы, наугад
среди машинального мата
взамен игровых автоматов
два страшных наперстка стоят.

Как дышат железные поры!
Вверх-вниз.
Я слышу подземные хоры -
винись!

Милиционера с наколкой
подкорка дрожать повела —
как будто железный раскольник
двуперстьем встает из стола.

Не мучай души, подымало!
Один из них будет пустой -
как будто чернец однопалый
обрубленной тонет рукой.

",Длань,не указан,сложный,1980,ИГРА В НАПЕРСТОК
"

Морганатическую фрамугу
выломал я из оконного круга,
чем сохранил ее дни.
Дом ликвидировали без звука.
Боже, царя храни!

Этот скрипичный ключ деревянный,
свет заоконный, узор обманный,
видели те, кто расстрелян, в упор.
Смой фонограмму, фата моргана!
У мальчугана заспанный взор...
— Дети! Как формула дома Романовых?
— HCI!

Боже, храни народ бывшей России!
Хлорные ливни нам отомстили.
Фрамуга впечаталась в серых зрачках
мальчика с вещей гемофилией.
Не остановишь кровь посейчас.

Морганатическую фрамугу
вставлю в окошко моей лачуги
и окаянные дни протяну
под этим взглядом, расширенным мукой
неба с впечатанною фрамугой.
Боже, храни страну.

Да, но какая разлита разлука
в формуле кислоты!
И утираешь тряпкою ты
дали округи в раме фрамуги
и вопрошающий взор высоты.",Молитва,неклассический,сложный,1985.0,Ипатьевская баллада
"

Прости, Господь, свободу нашу пиррову!

Поздно, Господь. Прожектора врубили.
Мне дали денег за стриптиз — мешок.
За проволокой лагерь мастурбировал.
По проволоке пропускали ток.

— Давай, давай! — вопили над Россией.
Шёл звездопад. — Давай, давай! —
Аж автомат на вышке разрядился.
И мат татуированных секс-символов
клубился, как девятый вал.

— Давай, давай! — ревут лесоповалы.
Им снились семьи, снилось Косино.
— Давайдавайдавайдавайдавайда...
При чём тут Вайда? Шло моё кино.

Я доставала их дистанционно —
аж голубые перековывались!
Ни Пугачёва, ни Мадонна
не испытывали такого.

— Давайдавайдавайдавайдавайда —
им снились их зарезанные свадьбы.
За баб я мстила. Кто-то ржал, кто плакал,
как будто лез на волю по столбу.
Я ненавижу тебя, лагерь.
Ещё не зная, что люблю.

Давай, мой лагерь! Я — твой путь к свободе,
когда душа сквозь тернии, сквозь срам
из тела вырывается, из body,
к Прекрасной даме, недоступной нам.

Мы все — дивайдид вайдавайдавайда,
сливаясь в стоне «шайбу! шайбу! шайбу!» —
покрыла урку Блока бледнота.
В интеллигенте разразился вандал.
Айда, но не понять — куда?
Ай да сеанс! Давайдавайдавайда...
Я ощущаю на себе, грязна,
иного режиссёра под кувалдой
томящиеся в лагере глаза.

Кавказцы, россияне и прибалты,
любите небо, сбросивши ножи!
Летите в тучах, дирижёров фалды!
Динамики, с турбазы подвывайте!
Я отдалась народу под Вивальди.
Искусство — мастурбация души.
Честнее всенародно, чем приватно.
Господь, прости меня и накажи.

Зачем, скажи, для денежного фарта
меня ты отдал дьяволам в ночи?
В тайваньских джинсах, тайной
			замордованной,
пройду я, безымянна для людей,
став неизвестной копией Мадонны,
порн — но звезда мордовских лагерей.

Меня потом искали люди зоны,
в мечтах озолотив или зарезав.
Крутились диски телефонов.
Крутились диски «Мерседесов».
Дышала ночь острогом сладострастья.
За жизнь я мужиков имела — класс! —
но с ними не испытывала счастья...
Я отвлеклась...

Когда ж прожектор вырубил затейник —
«набисдавайдавайдавайнабис» —
я подожгла мешок проклятых денег.
Взвыл лагерь. Продолжается стриптиз.

Пылает тело в свете грязных денег...
Паришь дистанционно Ты,
как недоступное виденье,


Потом сквозь давку и асфальты
идёшь одна на фестиваль
и слышишь: «Вайда. Вайдавайдавайда
вайдавайдавайдавайдавайдавай».


",Молитва,не указан,простой,1996.0,ИСПОВЕДЬ МОРДОВСКОЙ МАДОННЫ
"

Лебеди, лебеди, лебеди... 
К северу. К северу. К северу!.. 
Кеннеди... Кеннеди... Кеннеди...
Соезали...

Может, в чужой политике
не понимаю что-то?
Но понимаю залитые
кровью беспомощной щеки!

Помню, качал рассеянно
целой еще головою,
смахивал на Есенина
падающей копною.

Как у того, играла,
льнула луна на брови...
Думали - для рекламы,
а обернулось — кровью.

Незащищенность вызова
лидеров и артистов,
прямо из телевизоров
падающих на выстрел!

Ах, как тоскуют корни,
отнятые от сада,
яблоней на балконе
на этаже тридцатом!..

Яблони, яблони, яблони —
к дьяволу!..
Яблони небоскребов —
разве что для надгробьев.

",Мотив полета,не указан,сложный,1968.0,ИЮНЬ-68
"

В мире друзей, в мире транспорта долгого,
Что ты там делаешь в мире, где дождь?
Делишься с кем мандаринными дольками?
Что за экзамены снова сдаешь?

Или запальчивая, запальчивая,
Снова блистательно завалясь,
Ты пробегаешь цимбальною палочкой
Мимо перил, мимо пилястр!

Ой, вокалисточка, снова за шалости?
Или озябшая, бросив постель,
Бродишь босая и взять не решаешься
Трубку тяжелую, точно гантель...

Замужем ты. Все забылось и зажило.
Что же ты стынешь, свежо и светло,
Как над несущимися пейзажами
Стынет
          пристальное
		   крыло?

",Длань,не указан,сложный,1958.0,ИЗ ОКНА САМОЛЕТА
"

Как Россия ела! Семга розовела,
луковые стрелы, студень оробелый,

красная мадера в рюмке запотела,
в центре бычье тело корочкой хрустело,—

как Россия ела! — крабов каравеллы,
смена семь тарелок — все в один присест,

угорь из-под Ревеля — берегитесь, Ева! —
Ева змея съела, яблочком заела,

а кругом сардели на фарфоре рдели,
узкие форели в масле еле-еле,

страстны, как свирели, царские форели,
стейк — для кавалеров, рыбка — для невест,

мясо в центре пира, а кругом гарниры —
платья и мундиры, перси и ланиты,

а кругом гарниры — заливные нивы,
соловьи на ивах, странники гонимые,

а кругом гарниры — Господи, храни их! —
сонмы душ без имени:
		    позабывши перст,

ест всесильный округ, а в окошках мокрых
вся Россия смотрит, как Россия ест.

",Молитва,не указан,сложный,1979,"ИЗ ПОЭМЫ ""АНДРЕЙ ПОЛИСАДОВ"""
"

Здесь гостям наливают
так, что вышибут дух.
Здесь уж если рожают,
обязательно двух!
Если сучья — так бивни,
а уж если река,
блещут, будто турбины,
белых рыбин бока.
Как пружина раскрученный,
бьет сазан из сачка.
Солнце брызжет из тучи,
как с тугого
	   соска!
Ты куда, попрыгунья
с молотком на боку?
Ты работала в ГУМе,
ты махнула в тайгу.
Точно шарик пинг-понга,
ты стучишь о мостки,
аж гудят перепонки
тугоухой тайги!
Ты о елочки колешься.
Там, где лес колдовал,
забиваешь ты колышки:
«Домна». «Цех». «Котлован».
Как в шекспировских актах —
«Лес». «Развалины». «Ров».
Героини в палатках.
Перекройка миров.

",Мотив белого,не указан,простой,1958.0,ИЗ СИБИРСКОГО БЛОКНОТА
"

Ты понимаешь, с кем связалась?
С самим, быть может, Князем зла.
Гитара коброй развязалась,
по телу кольцами ползла.

Когда играешь ты на шару
в концерте, сердцу вопреки,
прошу тебя — стряхни гитару
с остановившейся руки.

Но каждым вечером я в шоке:
так гипнотически стоит,
как кобра, раздувая щёки,
в тебя нацеленный пюпитр.

",Длань,не указан,сложный,2008.0,К ОБРАЗУ
"

Письмо к Л . Зелинскому
В век варварства и атома
Мы - акушеры нового,
Нам эта участь адова
По нраву и по норову.

Мы - бабки повивальные.
А век ревет матеро,
Как помесь павиана
И авиамотора.

Попробуйте при родах
Подобных постоять,
Сгорать на электродах,
И в руки радий брать.

Когда душа-актиния
К скелету приросла.
О, радиоактивная
Основа мастерства!

Слова, как кварц, лучатся.
Они разят и лечат,
Чтоб людям
	    улучшаться...
Чтоб людям было
	            легче...
Чтоб опухоли раковые
Спадали с душ и тел.
Чтоб Коммунизм,
	             как раковина,
Приблизившись, гудел...

И, счастлив этой долей,
Художник в мастерской
Стоит
           бессмертно
	              болен
Болезнью лучевой!

",Время,не указан,сложный,1957.0,ХУДОЖНИК
"

Попробуйте купить Ахматову.
Вам букинисты объяснят,
что черный том ее агатовый
куда дороже, чем агат.

Кто некогда ее лягнули —
как к отпущению грехов —
стоят в почетном карауле
за томиком ее стихов?

«Прибавьте тиражи журналам»,—
мы молимся книгобогам,
прибавьте тиражи желаньям
и журавлям!

Все реже в небесах бензинных
услышишь журавлиный зов.
Все монолитней в магазинах
сплошной Массивий Муравлев.

Страна поэтами богата,
но должен инженер копить
в размере чуть ли не зарплаты,
чтобы Ахматову купить.

Страною заново открыты
те, кто писали «для элит».
Есть всенародная элита.
Она за книгами стоит.

Страна желает первородства.
И, может, в этом добрый знак —
Ахматова не продается,
не продается Пастернак.

",Территориальная,не указан,сложный,1977.0,Книжный бум
"Когда я когда-нибудь сдохну,
не мучай травы и грибниц,
на эту последнюю хохму,
поняв меня, — улыбнись.

Когда пойдешь ночью с покупками —
то я впереди пробегал
и длинные ртутные трубки
на черных стволах зажигал.

Узнай меня через пустошь,
приметы замашек моих...
А если ты в городе будешь —
то я тебе вызову лифт.

",Фигура женщины,неклассический,сложный,1987.0,...
"

Когда по Пушкину кручинились миряне, 
что в нем не чувствуют былого волшебства, 
он думал: «Милые, кумир не умирает.
В вас юность умерла!»


",Прошедшее,классический,сложный,1975.0,...
"Когда ты забираешь наверх под кепку
волосы, —
как подтыкают юбку, когда моют пол, —
с какой незащищенною незагорелой
вольностью
восходит твоя шея к камеям римских школ!

И все, что я успею, — запомнить эту шею
и завиток щекотный и поблагодарить
за то, что жизнь прекрасна и рядом
на скамейке
московская камея в кепарике парит!

",Длань,не указан,сложный,1980,...
"Когда я придаю бумаге
черты твоей поспешной красоты,
я думаю не о рифмовке —
с ума бы не сойти!

Когда ты в шапочке бассейной
ко мне припустишь из воды,
молю не о души спасеньи —
с ума бы не сойти!

А за оградой монастырской,
как спирт ударит нашатырный,
послегрозовые сады —
с ума бы не сойти!

Когда отчетливо и грубо
стрекозы посреди полей
стоят, как черные шурупы
стеклянных, замерших дверей,

такое растворится лето,
что только вымолвишь: «Прости,
за что мне это, человеку!
С ума бы не сойти!»

Куда-то душу уносили —
забыли принести.
«Господь, — скажу, — или Россия,
назад не отпусти!»

",Душа,не указан,сложный,1970.0,...
"

В комендантский час
лодку заглуши.
Опасной бритвой волна зажглась.
Патрули стоят
по краям души.
Отмените в нас
комендантский час.

В магазине пусто
в комендантский час.
Только у Калашникова полон магазин.
Автоматизируется
сознанье масс.
В жигулях летит
пулемет «Максим».

Крик крестьянки
слышится с похорон.
«Я двоих вскормила из двух грудей.
Это были мальчики
двух кровей.
Им сосок давала,
а не патрон».

Ночь глуха. Истории темен крот.
«Остановите кровь!
Остановите кровь!»
И охрипший Павел взывает с ней:
«Ни эллин, ни иудей...»
От одиннадцати до шести —
в «Отче наш», в намаз,
в комендантский час —
как медянка, кровь
в нас шуршит, таясь.
Что угодно может произойти.

Где не спишь сейчас,
мой миндальный глаз?
Пополам загар разделил живот.
Кто твой предок? Скиф?
Грузин? Абхаз?
Хоть вводи в тебя
комендантский год.

Поглядишь в себя —
там такой разор.
Кровь с Душой ведут тысячелетний спор.
Две толпы сошлись
в ружьях у ручья.
Понеслась страна
центробежная...
И крестьянка в черном кричит, как рок:
«Остановите кровь!
Остановите кровь!»

Как повязки глаз,
флаги черных лент.
Прости, Господи, ослепленных нас!
Третья Стража
требует документ.
Тысячелетье рас.
Комендантский час.


",Сон,неклассический,простой,1989.0,Комендантский час
"

Боксер пыхтит в полотенцах,
хоть с детства был трусоват.
Комплекс неполноценности,
хватит комплексовать!

Экс-чемпион по серости
штурмует Гослитиздат —
комплекс неполноценности,
хватит комплексовать!

А в русских озерах ноет
печаль такой синевы,
как будто они виновники
сыновней людской вины.

Когда вымирают пущи
и реки дотла горят,
кто виноватый? Пушкин!
Поэт всегда виноват.

Природа не виновата,
что сын у нее дебил.
Поэт виноват набатно,
что совесть не пробудил.

Когда у Черного моря
на дне асфальт нефтяной,
то этому черному горю
только поэт виной.

Он не созвал на вече,
не крикнул, как в газават:
«Комплекс бесчеловечности,
хватит комплексовать!»

",Фигура поэта,не указан,сложный,1980.0,КОМПЛЕКС
"

— Кому жить плохо на Руси?
— Спроси!

— Колхозник, как надои кукурузы?
Колхозник: «Соловьи в ей свищут, как Карузы».

— Бабуся, а к тебе судьба добра ли?
Бабуся: «Спасибо, что козу не отобрали».

— Рабочий, с НТР условья легче стали?
Рабочий: «Легче выносить микродетали».

— Красотки, как мужик при полноте достатка?
Красотки: «Хорош, как к телевизору приставка».

— Писатели, что в вашем околотке?
Писатели: «Грызем друг другу глотки».

— Телятницы, а как приплод телятины?
Телятницы: «Зато поем талантливо!»

— А вы, солисты ГАБТ и телерадио?
Солисты: «Чистим на субботнике телятники».

— Профессор, как культура нрава?
Профессор: «Хиляем, нахалюги, на халяву»

— Христос, а ты доволен ли судьбою?
Христос: «С гвоздями перебои».

— Россия, что еще народу хочется?
РОССИЯ: «Когда же это кончится?..»

",Прошедшее,не указан,простой,1980.0,«КОМУ НА РУСИ ЖИТЬ ПЛОХО»
"Кончину чую. Но не знаю часа.
	Плоть ищет утешенья в кутеже.
	Жизнь плоти опостылела душе.
	Душа зовет отчаянную чашу!
Мир заблудился в непролазной чаще
	средь ядовитых гадов и ужей.
	Как черви, лезут сплетни из ушей.
	И Истина сегодня — гость редчайший.
Устал я ждать. Я верить устаю.
	Когда ж взойдет, Господь, что Ты посеял?
	Нас в срамоте застанет смерти час.
Нам не постигнуть истину Твою.
	Нам даже в смерти не найти спасенья.
	И отвернутся ангелы от нас.

",Душа,не указан,простой,1975.0,...
"Конфедераток тузы бесшабашные
кривы.
Звезды вонзались, точно собашник
в гривы!

Польша — шампанское, танки палящая
Польша!
Ах, как банально — «Андрей и полячка»,
пошло...

Как я люблю ее еле смеженные веки,
жарко и снежно, как сны — на мгновенье, навеки...

Во поле русском, аэродромном
во поле-полюшке
вскинула рученьки к крыльям огромным —
Польша!

Сон? Богоматерь?..

Буфетчицы прыщут, зардев, —
весь я в помаде,
как будто абстрактный шедевр.

",Поле,не указан,сложный,1961.0,...
"

Мы — кочевые, мы — кочевые,
мы, очевидно,
сегодня чудом переночуем,
а там — увидим!
Квартиры наши конспиративны,
как в спиритизме,
чужие стены гудят как храмы,
чужие драмы,
со стен пожаром холсты
		и схимники...

а ну пошарим —
	     что в холодильнике?

Не нас заждался на кухне газ,
и к телефонам зовут не нас,

наиродное среди чужого,
и как ожоги,

чьи поцелуи горят во тьме,
еще не выветрившиеся вполне?..

Милая, милая, что с тобой?
Мы эмигрировали в край чужой,

ну что за город, глухой как чушки,
где прячут чувства?

Позорно пузо растить чинуше —
но почему же,

когда мы радом, когда нам здорово —
что ж тут позорного?

Опасно с кафедр нести
	              напраслину —
что ж в нас опасного?

Не мы опасны, а вы лабазны,
людьё, которым любовь опасна!

Вы опротивели, конспиративные!..
Поджечь обои? вспороть картины?
об стены треснуть сервиз, съезжая?..

«Не трожь тарелку — она чужая».

",Домашняя,не указан,сложный,1964.0,КОНСПИРАТИВНАЯ КВАРТИРА
"Коровам снится синтетичный силос.
По-христиански обращаюсь к Вам:
«Какое счастье, что Вы мне приснились!
Дерьмо — к деньгам».

",Сон,не указан,простой,1999.0,...
"Красит, извините, мрак,
давши стольких суперстаров,
сам звезда в зените — Марк
Анатольевич Захаров.

Друг — нужней, чем контрамарка,
жизнь — зависит от кармана,
но в Евангелии от Марка —
его карма, карма, карма.

",Молитва,не указан,сложный,2008.0,...
"

1
Мракобес, но не бездарен
муж Дарьин.

2
Не плох. Лоялен.
Лох Лялин.

3
Красавец.
Болгарин.
Пас овец.
Сперва — Танькин, потом — Галин.

4
Максим Галкин
максимально Алкин.

5
Против скотин и гадин
друг Катин.

6
У самого Самарина
дочь — подружка Марьина.

7
Замусолен,
как муж Зоин.

8
Нашим сварам параллелен
дрыхнет собачара Ленин.

",Мотив своего,не указан,простой,2008.0,КТО ЧЕЙ?
"

Великий хоккеист работает могильщиком.
Ах, водка-матушка, 
ищи меня на дне...
Когда он в телевизорах
магичествовал,
убийства прекращались по стране.

Он был капризный принц
Олимпа и Сабены,
а после тридцати
он так застрессовал
наедине с забвеньем —
не дай вам бог перенести!

Он понял что-то
выше травм и грамот.
Над ямой он обтер
бутылку и батон.
Познал бы истину,
когда б работал Гамлет
сначала Йориком, могильщиком — потом.

«Ляжем — сравняемся», —
он говорил девчатам.
«Ляжем — сравняемся», —
он оборвет меня.
Не в голубой конек —
в глубинную лопату
врезается ступня.
Ляжем — сравняемся —
кумиры и селяне,

ляжем — сравняемся —
народы и леса,
в великой темноте в неназванном сиянье
ляжем — сравняемся.

Там побежденному стал победитель равен,
там, бывшие людьми,
безмолвные глядят —
взгляд клена, взгляд звезды и придорожный камень.

Потом и камня нет.
остался только взгляд.

Он погружается, дымя цигаркой в вечность.
Кто не сшибал верхов, тот не познал глубин.
Он погружается
по пояс, грудь, по плечи.
Прямоугольный мрак.
Живой дымок над ним.

Сограждане!
Над ним не надо зубоскалить.
Рублевые цветы воруя с похорон,
надежда падшая
за вас поднимет шкалик —
наш падший чемпион.

",Территориальная,неклассический,сложный,1975.0,КУМИР
"

На лугу меж двух озер
вне обзора от шоссе,
как катается ковер,
мы купаемся в росе.

Ледяные одуванчики,
исхлеставши плечи все,
ароматом обдавайте!
Мы купаемся в росе.

Все грехи поискупали,
окрещенные в красе,
не в людских слезах — в купавиных,
брось врачей! Купнись в росе!
Принимай росные ванны!
Никакого ОРЗ.

Как шурупчик высоты,
дует шершень от шоссе —
где тут ты? и где цветы?
он ворчит: «Ля вам шерше...»

Милые, нас не скосили!
Равны ежику, осе,
мы купаемся в России,
мы купаемся в росе.

Полосатый, словно зебра —
ну и сервис! — след любви.
Ты в росе, в росе, в росевросевросевро — серва
ландыша не раздави!..

Как приятно на веранде
пить холодное «rosé»...
Вы купайтесь в бриллиантах!
Мы купаемся в росе.",Сохранять и покидать,неклассический,простой,1997.0,КУПАНИЕ В РОСЕ
,Домашняя,не указан,простой,,ЛАСТОЧКИ
"

Уходят парни от невест.

Невесть зачем из отчих мест
три парня подались на Запад.
Их кто-то выдает. Их цапают.
41-й год. Привет!
«Суд идет!» Десять лет.

«Возлюбленный, когда ж вернешься?!
     четыре тыщи дней, как ноша,
          четыре тысячи ночей
               не побывала я ничьей,
                    соседским детям десять лет,
                         прошла война, тебя все нет,
                              четыре тыщи солнц скатилось,
                                   как ты там мучаешься, милый,
                                        живой ли ты и невредимый?
                                             предела нету для любимой -

ополоумевши любя,
я, Рута, выдала тебя -
из тюрьм приходят иногда,
из заграницы — никогда...»

...Он бьет ее, с утра напившись.
Свистит его костыль над пирсом.

О, вопли женщины седой:
«Любимый мой! Любимый мой!»

",Фигура женщины,не указан,сложный,1963.0,ЛАТЫШСКИЙ ЭСКИЗ
"

Благословенна лень, томительнейший плен
когда проснуться лень и сну отдаться лень,

лень к телефону встать, и ты через меня
дотянешься к нему, переутомлена,

рождающийся звук в тебе как колокольчик
и диафрагмою мое плечо щекочет.

рождающийся звук в тебе как колокольчик
и диафрагмою мое плечо щекочет.

«Билеты? — скажешь ты. — Пусть пропадают. Лень».
Томительнейший день в нас переходит в тень.

Лень — двигатель прогресса. Ключ к Диогену — лень.
Я знаю, ты — прелестна! Все остальное — тлен.

Вселенная горит? до завтраго потерпит!
Лень телеграмму взять — заткните под портьеру.

Лень ужинать идти. Лень выключить «трень-брень».
Лень.
И лень окончить мысль. Сегодня воскресень...

Колхозник на дороге
разлегся подшофе
сатиром козлоногим,
босой и в галифе.

",Стремление,не указан,простой,1965.0,ЛЕНЬ
"
Опаловый «Линкольн».
Полмира огуляв,
скажите: вам легко ль,
опальный олигарх?

Весь в черном, как хасид,
легко ль дружить с Христом?
Под Нобеля косить?
Слыть антивеществом?

Напялив на мосла
Ставрогина тавро,
слыть эпицентром зла,
чтобы творить добро?

Бежит по Бейкер-стрит
твой оголец, Москва.
Но время состоит из
антивещества.

Кар взорван. Бог вас спас.
Вас плющит сноуборд.
С экрана ваш палас
летит, как в рожу торт.

Как беркут поугрюмее,
вы жертвуете взнос,
чтобы в российских
тюрьмах исчез туберкулез.

Жизнь — не олеограф
по шелку с фильдеперсом.
И женщин, олигарх,
вы отбивали сердцем.

И пьете вы не квас,
враг формул и лекал.
Люблю безумство в вас,
аллегро-олигарх!

Люблю вместо молитв
отдачу сноуборду
и ваш максимализм —
похмельную свободу!

Господь нахулиганил?
Все имиджи сворованы.
Но кто вы — «черный ангел»?
Иль 

Над Темзой день потух.
Шевелит мирозданье
печальный Демон, дух
изгнанья.

Надежда или смерть?
Преддверие греха?
Рубаю Божью снедь
я, олигарх стиха.


",Мотив черного,неклассический,простой,2003.0,ЛЕТО ОЛИГАРХА
"
Ю. Марцинкявичусу

О чем вы, литовские дюны?
Что граблями грабят грибы?
О чем вы, литовские думы?
О дыбах судьбы?

Зачем я глядеть не устану
в литовское море ночное?
Оно — негатив горностая,
с белыми хвостиками на черном.

Здесь нету заборов. Все просто.
Мужчина здесь от угла
в бумаге, как длинную розу,
несет золотого угря.

Литвинка, дочь тихих родителей,
от имевшего нож и вино
насильника в общежитии
выбрасывается в окно!

Зачем проступают в парилке
таимые в генах слова?
Зачем во все наши молитвы
подсознательно входит «Литва»?



",Морская,не указан,простой,,Литовские мотивы
"

«Господь, помилуй меня,
Господь, помилуй меня,
восславим Господу славу и честь...»

Летят «афганцы» в гробах,
Не заживет Карабах.
Неужто страшная месть?
Тысячелетье Руси —
тысячелетье души.
Пришло ей время воскресть.

Страну помилуй, Господь,
народ, что пущен в расход...
Откуда ж певчие в душу вошли?
Раскол. Тиран пучеглаз.
Россия самосожглась.
Есть черный ящик души.

Душа несется, моля:
«Помилуй, Яков, меня...»
«Восславим деспоту славу и честь!»
Взрывают храмы. Салют.
Свидетелей ликвиднут.
Души черный ящик есть.

Есть в черном ящике том
«Христа Спасителя» стон
духоизмещением в тысячи тонн.
И брошенное дитя
все спрашивает, глядя:
«Что в черном ящичке том?»

Душа, помилуй меня,
зажги свечей имена,
за то, в чем косвенно все мы грешны,
за то, что душу забыл,
болит, кричит что есть сил:
«Я — черный ящик души».

Народы в креслах сидят,
народы в «ящик» глядят.
Восславим горстку, кто жил не во лжи!

Сгорит планета людей.
Летит меж Млечных путей
черный ящик души.

",Душа,неклассический,сложный,1987.0,Литургия лет
"

В лесу твое тело пятнисто-лимонно —
в солнечных зайчиках, в тенях от листьев,
тебя называю я Лиза ОМОНА,
ОМОНА Лиза.

После дождя, близорукая рощица,
как ты искала контактные линзы!
И жизнь закружилась, сперва понарошку,
под кодовой шуткой - «ОМОНА Лиза».

Губы сжимая, улыбку змеила,
в рот набирая холодную «Плиску».
Близко склонялась, собою поила -
плиз! —
обожаю ОМОНА Лизу.

Ты просыпаешься только к закату.
Тебе наплевать на лимоны Мамоны!
Лучшие мэны не вскрыли загадку.
Мафия сматывает знамена.

Знаешь, мне кажется, если спуститься
к нашим ручьям, только щеки омою -
столб закружится из листьев пятнистых.
Ты маскируешься, Лиза ОМОНА.

Панка пятнистая, зайчики пяток.
Где тебя кружит? Выбила ль визу?
Страны какие приводишь в порядок,
ОМОНА Лиза?

",Территориальная,не указан,простой,1993.0,ЛИЗА ОМОНА
"

Их величеством поразвлечься
прет народ от Коломн и Клязьм.
«Их любовница - контрразведчица
англо-шведско-немецко-греческая...»
Казнь!

Царь сграшон: точно кляча, тощий,
почерневший, как антрацит.
По лицу проносятся очи,
как буксующий мотоцикл.

И когда голова с топорика
подкатилась к носкам ботфорт,
он берет ее
над толпою,
точно репу с красной ботвой!

Пальцы в щеки впились, как клещи,
переносицею хрустя,
кровь из горла на брюки хлещет.
Он целует ее в уста.

Только Красная площадь ахнет,
тихим стоном оглушена:
«А-а-анхен!..»
Отвечает ему она:

«Мальчик мой государь великий
не судить мне твоей вины
но зачем твои руки липкие
солоны?

баба я
вот и вся провинность
государства мои в устах
я дрожу брусничной кровиночкой
на державных твоих усах

в дни строительства и пожара
до малюсенькой ли любви?

ты целуешь меня Держава
твои губы в моей крови

перегаром борщом горохом
пахнет щедрый твой поцелуй

как ты любишь меня Эпоха
обожаю тебя
царуй!..»

Царь застыл - смурной,
	              малахольный,
царь взглянул с такой меланхолией,
что присел заграничный гость,
будто вбитый по шляпку гвоздь.

",Длань,не указан,сложный,1961.0,ЛОБНАЯ БАЛЛАДА
"

Над лодкой перевернутою, ночью,
над днищем алюминиевым туга,
гимнастка, изгибая позвоночник,
изображает ручку утюга!

В сиянье моря северно-янтарном
хохочет, в днище впаяна, дыша,
кусачка, полукровочка, кентаврка,
ах, полулодка и полудитя...

П ол уморская- полугородская,
в ней полуполоумнейший расчет,
полутоскует — как полуласкает,
полуутопит — как полуспасет.

Сейчас она стремглав перевернется.
Полузвереныш, уплывет - вернется,
но пальцы утопая в бережок...

Ужо тебе, оживший утюжок!

",Морская,не указан,сложный,1967.0,ЛОДКА НА БЕРЕГУ
"

Есть церкви - вроде тыкв и палиц
А Нерль прозрачна без прикрас.
И испаряется, как парус,
и вся сияет - испарясь.

Я с ходу скидываю лыжи,
всхожу из мрака на бугор.
Как в телевизорную линзу,
гляжу в сияющий собор.

Меня пронизывают волны
высокой голубой воды.
Твои, Россия, сны и войны
и дикой девочки черты.

Кто жег тебя в татарских станах?
Чьих стай маячили крыла?
Ты рано женщиною стала
и свет нелегкий обрела.

Тебе, одной тебе подсудны
мои поступки и труды.
Я весь как есть твоя посуда
высокой, голубой воды.

",Фигура женщины,не указан,простой,1958.0,ЛУННАЯ НЕРЛЬ
"

Здесь Чайльд-Гарольды огородные
на страх воронам и ворам.
Здесь вместо радио — юродивый
врет по утрам и вечерам.

Пока мы бегали в столовку,
туманный, как палеолит,
юродивый с татуировкой
чуть не упер теодолит.

Он весь дрожал от изумления,
познав чужое божество.

Он трепетал,
	   как заземление
от бьющей молнии в него!

Кругом бульдозеры былинные.
Но будущее чуял он,
дурак, болотная былиночка,
антеннка сдвинутых времен.

",Фигура женщины,не указан,сложный,1958.0,ЛЁШЕНЬКА
"

Я брожу в твоей рубашке,
из меня растут цветы.
Отовсюду улыбаешься
недосказанная Ты.

",Сон,не указан,сложный,2007.0,ЛЮБЛЮ ПОДАРКИ
"Любовь и горе - вне советов.
Наглеющая верхоглядь,
великих женщин и поэтов
не вам учить или понять!

Когда поэта в гробе мчали,
осталась дома Натали.
Горизонтальная Наталья
летела с ним за край земли

",Фигура поэта,не указан,сложный,1980,...
"

Опять надстройка рождает базис.
Лифтер бормочет во сне Гельвеция.
Интеллигенция обуржуазилась.
Родилась люмпен-интеллигенция.

Есть в русском «люмпен» от слова «любит».
Как выбивались в инженера,
из инженеров выходит в люди
их бородатая детвора.

Их в институты не пустит гордость.
Там сатана правит бал тебе.
На место дворника гигантский конкурс —
музы носятся на метле!..

Двадцатилетняя, уже кормящая,
как та княгинюшка на Руси,
русская женщина новой формации
из аспиранток ушла в такси.

Ты едешь бледная — «люминесценция»! —
но темным улицам совсем одна.
Спасибо, люмпен-интеллигенция,
что можешь счетчик открыть с нуля!

Не надо думать, что ты без сердца.
Когда проедешь свой бывший дом,
две кнопки, вдавленные над дверцами,
в волненье выпрыгнут молодом...

Тебя приветствуют, как кровники,
ангелы утренней чистоты.
Из академиков выходят в дворники —
кому-то надо страну мести!

",Территориальная,не указан,сложный,1978.0,Люмпен-интеллигенция
"

Вентилятор — нелетающий пропеллер.
И тревожно, честно говоря,
что стихи мои опять бестселлер —
«Лучшая продажа февраля».
Лучшая февральская обманка,
том-фантом за 42 рубля...
Снег обескураженно обмякнет —
лето в середине февраля!
Я читаю, одинок, как мамонт,
след от шин, как зубчики Кремля...
Вновь надежда нас продаст, обманет —
лучшая продажа февраля.

",Снег,не указан,сложный,2000.0,МАГАЗИН «МОСКВА»
"

Ни отец, ни мачеха
не приносят столько.
Восьмилетний мальчик,
мойщик стекол,
на углу у Пушкинской
вас без лишних стебов
трет душой опущенной
мальчик стекол.

Тряпка - как пропеллер.
Василек асфальта.
Маленький Рокфеллер.
Наш. Не свалит.
Наглый ангел явочный,
сколько стоишь ты,
бледная пиявочка
нашей чистоты?

Выхлопы токсичные
в легких черным текстом
высветят: «Спасибочко,
... ... ... ... ... ... ... ... ... ... ... ...?
за наше счастливое детство».
Сколько б ни катили вы
с женами и с телками,
сколько б ни отстегивали,
вас настигнет мальчик. Красный
		      светофор.

",Мотив черного,не указан,простой,1992.0,МАЛЬЧИК СТЕКОЛ
"

По Суздалю, по Суздалю
сосулек, смальт —
авоською с посудою
несется март.

И колокол над рынком
мотается серьгой.
Колхозницы — как кринки
в машине грузовой.

Я в городе бидонном,
морозном, молодом.
«Америку догоним
по мясу с молоком!»

Я счастлив, что я русский,
так вижу, так живу.
Я воздух, как краюшку
морозную, жую.

Весна над рыжей кручей,
взяв снеговой рубеж,
весна играет крупом
и ржет как жеребец.

А ржет она над критикой
из толстого журнала,
что видит во мне «скрытое
посконное начало».

",Поле,не указан,сложный,1958.0,МАРТ
"
Что трезвонит нам доподлинно
колокольная весна?
— БЛИН! блин!
Полблина! полблина! четверть блина!
на!

Но Билибину билингвельно
откликается страна:
— Бил Клинтон! Был Клинтон...
Пол Маккартни!
Обана!..

У Америки индейка.
Масленица нам дана.
Национальная идея
начинается с блина.

Я люблю друзей с иголочки
в блинной у Тверских ворот,
где буфетчица икорочку,
чтоб блистала, облизнет.
Блин тончайший, точно кружево.
Проспиртованный при том.
Как прохожий, разутюженный
асфальтовым катком.
Масленица в преисподней.
Трахнул ведьму серафим.
Восхищение сегодня
выражаем словом «блин».

Ты - блин, я, блин,
Явлинский, блин,
я — полблина, ты — четверть блина.
Ну, и блинная страна!

",Территориальная,неклассический,простой,1996.0,МАСЛЕНИЦА
"

Дом на Трубной.
В нем дипломники басят.
Окна бубной
жгут заснеженный фасад.
Дому трудно.

Раньше он соцреализма не видал
в безыдейном заведенье у мадам.

В нем мы чертим клубы, домны,
но бывало,
стены фрескою огромной
сотрясало,

шла империя вприпляс
под венгерку,
«феи» реяли меж нас
фейерверком!

Мы небриты как шинель.
Мы шалели,
отбиваясь от мамзель,
от шанели,

но упорны и умны,
сжавши зубы,
проектировали мы
домны, клубы...

Ах, куда вспорхнем с твоих
авиаматок,
Дом на Трубной, наш Парнас,
альма-матер?

Я взираю, онемев,
на лекало —
мне районный монумент

кажет
ноженьку
лукаво!

",Домашняя,не указан,сложный,1957.0,МАСТЕРСКИЕ НА ТРУБНОЙ
"Меня пугают формализмом.

Как вы от жизни далеки,
пропахнувшие формалином
и фимиамом знатоки!
В вас, может, есть и целина,
но нет жемчужного зерна.

Искусство мертвенно без искры,
не столько Божьей, как людской,
чтоб слушали бульдозеристы
непроходимою тайгой.
Им приходилось зло и солоно,
но чтоб стояли, как сейчас,

они - небритые, как солнце,
и точно сосны - шелушась.
И чтобы девочка-чувашка,
смахнувши синюю слезу,
смахнувши — чисто и чумазо,
смахнувши - точно стрекозу,
в ладоши хлопала раскатисто...

Мне ради этого легки
любых ругателей рогатины
и яростные ярлыки.

",Мотив чувства,не указан,сложный,1953.0,...
"

Жил-был художник один,
домик имел и холсты.
Но он актрису любил,
ту, что любила цветы.

Он тогда продал свой дом —
продал картины и кров —
и на все деньги купил
целое море цветов.

Миллион, миллион, миллион алых роз
из окна видишь ты.
Кто влюблен, кто влюблен,
	  кто влюблен — и всерьез! —
свою жизнь для тебя превратит в цветы.

Утром встаешь у окна —
может, сошла ты с ума?
Как продолжение сна,
площадь цветами полна.

Похолодеет душа —
что за богач там чудит?
А за окном без гроша
бедный художник стоит.

Встреча была коротка.
В ночь ее поезд увез.
Но в ее жизни была
песня безумная роз.

Прожил художник один.
Много он бед перенес.
Но в его жизни была
целая площадь из роз.

",Мотив своего,не указан,простой,1981.0,МИЛЛИОН РОЗ
"
жертвам репрессий

Ни пирамиды Хеопса. Ни пантеоны Рима.
Бижу огонь пульсирующий над городом на виду.
Каждую пусть секунду загорается новое Имя.
30 миллионов секунд в году.

3 марта в полночь зажжется секунда Табидзе,
в 9.15 молнией мигнет Мандельштам,
крестьянин Ребров секундой успеет перекреститься,

и шестилетняя Даша секунду будет дышать.

Я вижу этот памятник не в пространстве —
				   во времени.
Мемориальный будильник— будящий монумент.
Пускай, хотя бы секунду побудет Берггольц
				   беременной.
Мильон секунд безымянных прольется дождем
					комет.

Пусть по секунде Даши самолеты сверяют скорости.
Пускай грядущую сволочь предостережет пример.
Я хочу поставить памятник не во времени,
				   а в совести.
Счет идет на секунды. Совесть — секундомер.

",Стремление,не указан,сложный,1987,Мой проект памятника жертвам репрессий
"

Я вижу тебя в полдень
меж яблоков печеных,
а утром пробегу —
монахинею моря в мохнатом капюшоне
стоишь на берегу.

Ты страстно, как молитвы,
читаешь километры.
Твой треугольный кроль
бескрайнюю разлуку молотит, как котлеты,
но не смиряет кровь.

Напрасно удлиняешь голодные дистанции.
Желание растет.
Как море ни имеешь — его все недостаточно.
О, спорт! ты — черт...

Когда швыряет буря ящики
с шампанским
серебряноголовые — как кулачок под дых,
голая монахиня бесшабашная,
бросаешься под них!

Бледнея под загаром,
ты выйдешь из каскадов.

Потом кому-то скажешь, вернувшись в города:

«Кого любила?.. Море...»
И все ему расскажешь.
За время поцелуя
отрастает борода.


",Морская,неклассический,сложный,1980.0,МОНАХИНЯ МОРЯ
,Прощение,не указан,простой,,МОНОЛОГ АКТЕРА
,Прощение,не указан,простой,1965,МОНОЛОГ АКТЕРА
"

Растут распады
из чувств влекущих.
Вчера мы спаривали
лягушек.

На черном пластике
изумрудно
сжимались празднично
два чутких чуда.

Ввожу пинцеты,
вонжу кусачки -
сожмется крепче
страсть лягушачья.

Как будто пытки
избытком страсти
преображаются
в источник счастья.

Но кульминанта
сломилась к спаду -
чтоб вы распались,
так мало надо.

Мои кусачки
теперь источник
их угасания
и мук истошных.

Что раньше радовало,
сближало,
теперь их ранит
и обижает.

Затосковали.
Как сфинксы - варвары,
ушли в скафандры,
вращая фарами.

Закаты мира.
Века. Народы.
Лягухи милые,
мои уроды.

",Мотив черного,не указан,простой,1966.0,МОНОЛОГ БИОЛОГА
"

Я Мерлин, Мерлин.
		 Я героиня
самоубийства и героина.
Кому горят мои георгины?
С кем телефоны заговорили?
Кто в костюмерной скрипит лосиной?
Невыносимо,

невыносимо, что не влюбиться,
невыносимо без рощ осиновых,
невыносимо самоубийство,
но жить гораздо
	     невыносимей!

Продажи. Рожи. Шеф ржет, как мерин
(Я помню Мерлин.
Ее глядели автомобили.
На стометровом киноэкране
в библейском небе,
		меж звезд обильных,
над степью с крохотными рекламами
дышала Мерлин,
	      ее любили...
Изнемогают, хотят машины.
Невыносимо),
	  невыносимо
лицом в сиденьях, пропахших псиной!
Невыносимо,
	  когда насильно,
а добровольно — невыносимей!

Невыносимо прожить, не думая,
невыносимее — углубиться.
Где наша вера? Нас будто сдунули,
существованье — самоубийство,

самоубийство — бороться с дрянью,
самоубийство — мириться с ними,
невыносимо, когда бездарен,
когда талантлив — невыносимей,

мы убиваем себя карьерой,
деньгами, девками загорелыми,
ведь нам, актерам,
		жить не с потомками,
а режиссеры — одни подонки,

мы наших милых в объятьях душим,
но отпечатываются подушки
на юных лицах, как след от шины,
невыносимо,

ах, мамы, мамы, зачем рождают?
Ведь знала мама — меня раздавят,

о, кинозвездное оледененье,
нам невозможно уединенье,

в метро,
в троллейбусе,
в магазине
«Приветик, вот вы» — глядят разини,
невыносимо, когда раздеты
во всех афишах, во всех газетах,
забыв,
     что сердце есть посередке,
в тебя завертывают селедки,
лицо измято,
	   глаза разорваны
(как страшно вспомнить во
			«Франс-Обзёрвере»
свой снимок с мордой самоуверенной
на обороте у мертвой Мерлин!).

Орет продюсер, пирог уписывая:
«Вы просто дуся,
	     ваш лоб — как бисерный!»
А вам известно, чем пахнет бисер?!
Самоубийством!

Самоубийцы — мотоциклисты,
самоубийцы спешат упиться,
от вспышек блицев бледны министры —
самоубийцы,
	самоубийцы,
идет всемирная Хиросима,
невыносимо,

невыносимо все ждать, чтоб грянуло,
			     а главное —

необъяснимо невыносимо,
ну, просто руки разят бензином!

невыносимо
	горят на синем
твои прощальные апельсины...

Я баба слабая. Я разве слажу?
Уж лучше — сразу!





",Длань,неклассический,сложный,1963.0,МОНОЛОГ МЕРЛИН МОНРО
"

Приближается век мой к закату —
ваш, мои отрицатели, век.
На стол карты!
У вас века другого нет.

Пока думали очевидцы:
принимать его или как? —
век мой, в сущности, осуществился
и стоит как кирпич в веках.

Называйте его уродом
Шлите жалобы на творца.
На дворе двадцатые годы —
не с начала, так от конца.

Историческая симметрия.
Свет рассветный — закатный снег.
Человечья доля смиренная —
быть как век.

Помню, вышел сквозь лёт утиный
инженера русского сын
из ворот Золотых Владимира.
Посмотрите, что стало с ним.

Бейте века во мне пороки,
как за горести бытия
дикари дубасили бога.
Специален бог для битья.

Века Пушкина и Пуччини
мой не старше и не новей.
Согласитесь, при Кампучии —
мучительней соловей.

Провожайте мой век дубиною
каков век, таков и поэт.
Извините меня, любимые,
у вас века другого нет...

...Изучать будут век мой в школах,
пока будет земля Землей,
я не знаю, конечно, сколько,
но одно понимаю — мой.

",Время,не указан,сложный,1979.0,Монолог века
"Мордеем, друг. Подруги молодеют.
Не горячитесь.
Опробуйте своей моделью,
как «анти» превращается в античность.

",Мотив своего,не указан,простой,1991.0,...
"Море красится сурьмою,
о Тебе напомнить хочет.
Забелеет парус в море,
как в кармашке Твой платочек.

",Морская,не указан,простой,1992.0,...
"

От мороза лопнут трубы —
ничего!
Мы пока еще не трупы,
нам с тобою горячо.

Москва вроде Минусинска:
минус 45.
Значит, предстоит разминка,
чтобы кровь полировать.

Я люблю не оттого ли
наш крещенский холодок —
полирует кровь и волю,
как для зайца нужен волк.

Помнишь время молодое?
Мы врывались на пари,
оставляя пол-ладони,
примороженной к двери.

У мороза звон мажорный.
Принимайте душ моржовый!
Кому холод — лютый,
а кому — валютный.

Белки, царственно шуруя
по волшебному стволу,
траекторией шурупа
завинтились в синеву!

Помнишь, как они гонялись
в нашу летнюю судьбу,
завивая гениально
цепь златую на дубу?

",Мотив полета,не указан,простой,1980,МОРОЗ
"

Я в географии слабак,
но, как на заповедь,
ориентируюсь на знак —
Востоко-запад.

Ведь тот же огненный желток,
что скрылся за борт,
он одному сейчас — Восток,
другому — Запад.

Ты целовался до утра.
А кто-то запил.
Тебе — пришла, ему — ушла.
Востоко-запад.

Опять Букашкину везет.
Растет идейно.
Не понимает, что тот взлет —
его паденье.

А ты художник, сам себе
Востоко-запад.
Крути орбиты в серебре,
чтоб мир не зябнул.

Пускай судачат про твои
паденья, взлеты —
нерукотворное твори.
Жми обороты.

Страшись, художник, подлипал
и страхов ложных.
Работай. Ты их всех хлебал
большою ложкой.

Солнце за морскую линию
удаляется, дурачась,
своей нижней половиною
вылезая в Гондурасах.

",Мотив своего,не указан,простой,1967.0,МОРСКАЯ ПЕСЕНКА
"Мотыльковый твой возраст
на глазах умирает.
Обратиться ли в розыск?
Обвинят в аморалке.
Каждый раз после встречи
мотыльковые чувства,
мотыльковые плечи
на руках остаются.
Матерком твоим чистым
и толковым уменьем —
тороплюсь облучиться
чудным исчезновеньем.
Свет толкущийся, тайный
над тобою не тает —
мотыльки улетают!
мотыльки улетают!
Жемчуга среди щебня.
Ландыши среди хвороста.
Расставаться волшебнее
мотылькового возраста.

",Мотив белого,не указан,сложный,1996.0,...
"

Пришло моё время. Пускай запоздав.
Вся жизнь — только тренинг
пред высшим мгновеньем.
Отходит состав.
Пришло моё время.
Оно, моё время, взяв секундомер,
стоит на пороге.
А кто испугался, душой оскудел —
пусть делает ноги!
Сердца миллионов колотятся в такт
моим бумаженциям.
Со мной — не абстракт! —
на Владимирский тракт
пришла моя женщина.
Мы — нищие брюхом. Как все погоря,
живу не в эдеме.
Но Хлебников нынче — ясней букваря.
Пришло моё время.
Да здравствует время, с которым борясь,
мы стали, как кремний!
Кругом вероломное время сейчас.
Но каждый в себе своё время припас.
Внутри — моё время.
Меня, как исчезнувшую стрекозу,
изучат по Брему.
Ну что на прощанье тебе я скажу?
Пришло моё время.

",Мотив своего,не указан,простой,2000.0,МОЁ ВРЕМЯ
"
быстро, как женщина, вещи свои соберет.
Разум умрет. Но инстинкты
тело за час покидают, как крысы бегут с корабля.

Страхи ютятся в обоях настенных,
пузырясь газетой под ними.
Подлянка в сад улизнет.
Это не бесы в лесу - бессонное подсознанье.
Зависть ползет,
тщеславие свищет на ветках.
Похоть охотится в балке. Тоска
в ряске болотной живет,
норовит заразить простодушную крякву
или волка с нарушенной иммунной системой.
Плачут скитальцы, темнят.
Вот почему так агрессивны погоды.
Бойтесь ходить по грибы.

В ком же ты жил? Что за грешника мучил?
Красный, белый, квадратный, раздирающий душу!
Синий, винтообразный, засасывающий виной?
Желтый, сферический, как противотуманная фара,
съедающий белое Дух?

Это я понял, когда умирал Виктор Платонович.
В кухню петух безголовый вбежал
и рассвет прокричал.

",Мотив белого,не указан,простой,1980,...
"Можно и не быть поэтом,
но нельзя терпеть, пойми,
как кричит полоска света,
прищемленная дверьми!


",Фигура поэта,классический,сложный,1976.0,...
"

Он приплыл со мной с того берега,
заблудившись в лодке моей.
Не берут его в муравейники.
С того берега муравей.

Черный он, и яички беленькие,
даже, может быть, побелей...
Только он муравей с того берега,
с того берега муравей.

С того берега он, наверное,
как католикам старовер,
где иголки таскать повелено
остриями не вниз, а вверх.

Я б отвез тебя, черта беглого,
да в толпе не понять — кто чей.
Я и сам не имею пеленга
того берега, муравей.

Того берега, где со спелинкой
земляниковые бока...
Даже я не имею пеленга,
чтобы сдвинулись берега!

Через месяц по щепке, как Беринг,
доплывет он к семье своей,
но ответят ему с того берега:
«С того берега муравей».


",Сохранять и покидать,неклассический,сложный,1973.0,МУРАВЕЙ
,Мотив своего,не указан,простой,,МУСАТОВСКАЯ СИРЕНЬ
"Мы говорим о форпостах,
но забываем,
что висим на вопросах.

Вертикальное шоссе —
отутюженные брюки —
висит на плечиках
железнодорожного моста.

Прощание
повисло на плечах мужчины.
Тишина дома
висит на дверном крючке.

На чем висит страна?

Куда ты ушла?
В темноте шкафа
вместо твоего белого вечернего
платья

поблескивает
металлический вопрос.

",Территориальная,не указан,сложный,1980,...
"

Мы обручились временем с тобой,
не кольцами, а электрочасами.
Мне страшно, что минуты исчезают.
они согреты милою рукой.


",Длань,классический,простой,1975.0,...
"

Мы шли сквозь облако по крену
Хребта, по снеговому сверку.
Нам было небо по колено.
Но сверху.

И были полные карманы
облака горного.
Выныривали из тумана
ноги, как головы.

И это был, я понял позже,
путь к Богу.
И ты в меня влюбилась по уши.
Но сбоку.

",Стремление,не указан,простой,,...
"

Моей жизни часть эмигрировала.
Здесь живет. Пустила корня́.
С интересом сейчас игривым
рассматривает меня.

Ты алмазно сияешь — краешком
глаза, носа — как в нашу рань.
Но сейчас ты — граненый камушек.
Как далась тебе эта грань!

Расшибалась всмятку, в восьмерки.
Пропасть пробовала на боках.
Держишь русский кабак в Нью-Йорке
на отчаянных каблучках.

В этой темной шикарной яме
я узнаю — тебя потом —
неполоманное твое сиянье,
словно малый алмазный фонд.

Узнаю, что никто не знает,
что таю, от себя храня.
Вышибала, тобою нанят,
усмехается на меня.

Якиманкой бежала шибко,
в мировой провал сорвалась.
И сияешь. И не расшиблась.
Доказала, что ты алмаз.",Длань,неклассический,простой,1983.0,N.Y. – РЕСТОРАН
"

Нас несет Енисей.
	  Как плоты над огромной и черной водой,
я — ничей!
Я — не твой, я — не твой, я — не твой!

Ненавижу провал
	  твоих губ, твои волосы, платье, жилье.
Я плевал
на святое и лживое имя твое!

Ненавижу за ложь
	           телеграмм и открыток твоих,
ненавижу, как нож
	           по ночам ненавидит живых,

ненавижу твой шелк,
	           проливные нейлоны гардин,
мне нужнее мешок, чем холстина картин!

Атаманша-тихоня
	          телефон-автоматной Москвы,
я страшон, как икона,
	          почернел и опух от мошки.

Блещет, точно сазан,
	          голубая щека рыбака,
«нет» — слезам.
«Д а» — мужским, продубленным рукам.

«Да» - девчатам разбойным,
	            купающим МАЗ, как коня,
«да» — брандспойтам,
сбивающим горе с меня.

",Мотив черного,не указан,сложный,1958.0,НА ПЛОТАХ
"Над темной молчаливою державой
какое одиночество парить!
Завидую тебе, орел двуглавый,
Ты можешь сам с собой поговорить.

",Длань,не указан,сложный,1978.0,...
"Нас дурацкое счастье минует.
Нас минуют печаль и беда.
Неужели настанет минута,
когда я не увижу Тебя?

И неважно, что, брошенный в жижу
мирового слепого дождя,
больше я никого не увижу.
Страшно, что не увижу Тебя.

",Сохранять и покидать,не указан,простой,2000.0,...
"Наш берег песчаный и плоский,
заканчивающийся сырой
печальной и темной полоской,
как будто платочек с каймой.

Направо холодное море,
налево песочечный быт.
Меж ними, намокши от горя,
темнея, дорожка бежит.

Мы больше сюда не приедем.
Давай по дорожке пройдем.
За нами — к добру по приметам —
следы отольют серебром.

",Морская,не указан,сложный,1971,...
"Наши трапезы — сладострастные,
Кулинарочка ты потрясная!

Ты вбежишь, только скажешь:
		  «Здрасьте!» —
умираю от сладострастья.

Воздух утром дрожит над пряслами
целомудренным сладострастьем.
Полосатый арбуз матрасный
скоро лопнет от сладострастья.
И березки дрожат за трассою —
адидасное сладострастье.

Отдавайтесь до обладания.
Заплывайте в любовь не в ластах!

Сладострастие сострадания.
Сострадание сладострастья.

Ты написана белым фломастером,
пахнешь сном и зубною пастой.
Твоя пятка — туз пятой масти.
Можно спятить от сладострастья!

Как я в жизни пролоботрясничал,
выяснял отношения с властью...
От невзгод наших спрячусь страусом
в твое белое сладострастье.

",Мотив белого,не указан,сложный,1999.0,...
"Не дай нам, Господи, сорваться! 
Нам слово Божее верни 
в мелеющую речь славянства,
в горячечную речь Чечни.
Чей мальчик в маске или в каске?
Он в Нальчике шел в первый класс...
Обертывается эхом Кафки
братоубийственный Кавказ?!
Спать не дают мне безыскусные
слова танкиста среди тел:
«Я не могу наматывать на гусеницы
женщин и детей...»

",Молитва,не указан,сложный,1991.0,...
"Не надо околичностей,
не надо чушь молоть.
Мы - дети культа личности,
мы кровь его и плоть.
Мы выросли в тумане,
двусмысленном весьма,
среди гигантомании
и скудости ума.
Отцам за Иссык-Кули,
за домны, за пески
не орденами - пулями
сверлили пиджаки.
И серые медали
довесочков свинца,
как пломбы, повисали
на души, на сердца.
Мы не подозревали,
какая шла игра.
Деревни вымирали.
Чернели вечера.
И огненной подковой
горели на заре
венки колючих проволок
над лбами лагерей.
Мы люди, по распутью
ведомые гуськом,
продутые, как прутья,
сентябрьским сквозняком.
Мы - сброшенные листья,
мы музыка оков.
Мы мужество амнистий 
и сорванных замков.
Распахнутые двери,
сметенные посты,
И ярость новой ереси,
и яркость правоты.

",Стремление,не указан,сложный,1956.0,...
"

Я — в кризисе. Душа нема.
«Ни дня без строчки», — друг мой дрочит.
А у меня —
ни дней, ни строчек.

Поля мои лежат в глуши,
Погашены мои заводы.
И безработица души
зияет страшною зевотой.

И мой критический истец
в статье напишет, что, окрысясь,
в бескризиснейшей из систем
один переживаю кризис.

Мой друг, мой северный,
мой неподкупный друг,
хорош костюм, да не по росту,
внутри все ясно и вокруг —
но не поется.

Я деградирую в любви.
Дружу с оторвою трактирною.
Не деградируете вы —
я деградирую.

Был крепок стих, как рафинад.
Свистал хоккейным бомбардиром.
Я разучился рифмовать.
Не получается.

Чужая птица издали
простонет перелетным горем.
Умеют хором журавли.
Но лебедь не умеет хором.

О чем, мой серый, на ветру
ты плачешь белому Владимиру?
Я этих нот не подберу.
Я деградирую.

Семь поэтических томов
в стране выходит ежесуточно.
А я друзей и городов
бегу, как бешеная сука,

в похолодавшие леса
и онемевшие рассветы,
где деградирует весна
на тайном переломе к лету...

Но верю я, моя родня —
две тысячи семьсот семнадцать
поэтов нашей федерации —
стихи напишут за меня.

Они не знают деградации.

",Душа,неклассический,простой,1967.0,НЕ ПИШЕТСЯ
"

Не поняли евангелисты.
Не к небесам Он руки простирал,
когда легионеры-металлисты
вгоняли в сухожилия металл.

Возьмемся за руки перед разлукой!
Он этим к воскрешению готов,
глядит с креста, протягивая руки
разбойникам с соседних двух крестов.

",Длань,не указан,сложный,,...
"Не придумано истинней мига,
чем раскрытые наугад –
недочитанные, как книга, –
разметавшись, любовники спят.

",Сон,неклассический,сложный,1972.0,...
,Любовная,не указан,простой,1993,...
"

Рыбу третьей свежести едим из Сетуни.
Поэты третьей свежести набрались сил.
Не бывает отечества третьей степени.
Медведь вам на ухо наступил.

Мое отечество — вне всякой степени,
как Бога данность, —
к нему, точно к песне, всегда не спетой,
испытываю благодарность.
",Фигура поэта,неклассический,простой,2003.0,НЕ СЕТУЮ
"Не возвращайтесь к былым возлюбленным,
былых возлюбленных на свете нет.
Есть дубликаты, как домик убранный,
где они жили немного лет.

Вас лаем встретит собачка белая,
и расположенные на холме
две рощи — правая, а позже левая —
повторят лай про себя, во мгле.

Два эха в рощах живут раздельные,
как будто в стереоколонках двух,
все, что ты сделала и что я сделаю,
они разносят по свету вслух.

А в доме эхо уронит чашку,
ложное эхо предложит чай,
ложное эхо оставит на ночь,
когда ей надо бы закричать:

«Не возвращайся ко мне, возлюбленный.
Мы были раньше. Нас больше нет».
Две изумительные изюминки
хоть и расправятся тебе в ответ.

А завтра вечером, на поезд следуя,
вы в речку выбросите ключи,
и роща правая, и роща левая
вам вашим голосом прокричит:

«Не покидайте своих возлюбленных.
Былых возлюбленных на свете нет...»

Но вы не выслушаете совет.

",Мотив белого,неклассический,сложный,1974.0,...
"

Человек надел трусы,
майку синей полосы,
джинсы белые, как снег,
надевает человек.

Человек надел пиджак,
на пиджак нагрудный знак
под названьем «ГТО».
Сверху он надел пальто.

На него, стряхнувши пыль,
он надел автомобиль.
Сверху он надел гараж
(тесноватый — но как раз!),

сверху он надел наш двор,
как ремень надел забор,
сверху он надел жену,
и вдобавок — не одну,
сверху весь микрорайон,
область надевает он.

опоясался как рыцарь
государственной границей.
И, качая головой,
надевает шар земной.
Черный космос натянул,
крепко звезды застегнул,
Млечный Путь — через плечо,
сверху — кое-что еще...

Человек глядит вокруг.
Вдруг —
у созвездия Весы
вспомнил, что забыл часы.

(Где-то тикают они,
позабытые, одни?..)

Человек снимает страны,
и моря, и океаны,
и машину, и пальто.
Он без Времени — ничто.

Он стоит в одних трусах,
держит часики в руках.
На балконе он стоит
и прохожим говорит:
«По утрам, надев трусы,
НЕ ЗАБУДЬТЕ ПРО ЧАСЫ!»


",Мотив белого,неклассический,сложный,1975.0,НЕ ЗАБУДЬ
"

В магазин зашел: «Алло!
Дайте неба пол кил о».

Продавцов сказали двое:
«С небом перебои.
Нету черного, ночного,
белого нет, облачного,
ни розового, ни голубого,
ни серого — ну никакого,
нету неба бородинского!..»

«Тоже мне — князь Андрей».
«Гражданин, не надо диспутов!
Не толпитесь у дверей».

«Дома глазки голубые
ждут, чтоб неба им добыли.
Если неба не давать -
они будут затухать.
Отпусти, небена мать».

Продавщица ответила: «Сочувствую.
Вместо хлеба нам насущного
отпустить могу вам смога.
Но немного».

«Мне хотя бы без изюма,
и без звезд.
Я ее люблю безумно!
Разрешите встану в хвост».

«Ваши бы заботы мне бы...
В мировой голубизне
строить общество без неба
нелегко в одной стране.
В Марксе нет социализма.
Вода кончилась в воде.
Бензина самоубийце
нету. Неба нет нигде.
А в авоське — как кроссворд.
Угадай, из чего торт?»

«Нашенским без неба - финиш.
Даже в тюрьме
пайки синенькие видишь
четвертушками в окне.

Мне хотя бы ломтик надо,
чтобы глазки зацвели.
Мне сказали, из Канады
тонну неба завезли».

Продавец сказал любезно:
«Страна наша безнебесна.
Где работаешь, дебил?
Сам ты небо задымил».

Человек ушел без неба
в безнебесные места.
У моста слепые требуют:
«Подайте неба, ради Христа».

",Небо,не указан,простой,1990.0,НЕБА БЫ!..
"

Покойник был не кролик.
Ему бы чуточку пожить -
некому было б хоронить.

",Сохранять и покидать,не указан,простой,1980,НЕКРОЛОГ
"

Д. Н. Журавлеву
Немых обсчитали.
Немые вопили.
Медяшек медали
влипали в опилки.

И гневным протестом,
что все это сказки,
кассирша, как тесто,
вздымалась из кассы.

И сразу по залам,
по курам зеленым,
пахнуло слезами,
как будто озоном.

О, слез этих запах
в мычащей ораве.
Два были без шапок.
Их руки орали.

А третий с беконом
подобием мата
ревел, как Бетховен,
земно и лохмато!

В стекло барабаня,
ладони ломая,
орала судьба моя
глухонемая!

Кассирша, осклабясь,
косилась на солнце
и ленинский абрис
искала в полсотне.

Но не было Ленина.
Все было фальшью...
Была бакалея.
В ней люди и фарши.

",Длань,не указан,простой,1958.0,НЕМЫЕ В МАГАЗИНЕ
"Ни в паству не гожусь, ни в пастухи,
другие пусть пасут или пасутся.
Я лучше напишу тебе стихи.
Они спасут тебя.

Из Мцхеты прилечу или с Тикси
на сутки, но зато какие сутки!
Все сутки ты одета лишь в стихи.
Они спасут тебя.

Ты вся стихи — как ты ни поступи, —
зачитанная до бесчувствия.
Ради стихов рождаются стихи.
Хоть мы не за «искусство для искусств«..»!

",Молитва,не указан,простой,1980,...
,Стремление,не указан,простой,,...
"

Сколько звезд!
Как микробов
	    в воздухе...

",Поле,не указан,простой,1963,НОЧЬ
"

Автопортрет мой, реторта неона, апостол
небесных ворот —
аэропорт!

Брезжат дюралевые витражи,
точно рентгеновский снимок души,
Как это страшно, когда в тебе небо стоит
в тлеющих трассах
необыкновенных столиц!

Каждые сутки
тебя наполняют, как шлюз,
звездные судьбы
грузчиков, шлюх.

В баре, как ангелы, гаснут твои алкоголики.
Ты им глаголишь!

Ты их, прибитых,
возвышаешь!
Ты им «Прибытье»
возвещаешь!

__________

Ждут кавалеров, судеб, чемоданов, чудес...
Пять «Каравелл»
	            ослепительно
			  сядут с небес!

Пять полуночниц шасси выпускают устало.
Где же шестая?

Видно, допрыгалась —
		     блядь, аистенок, звезда!

Электроплитками
	            пляшут под ней города.

Где она реет,
	     стонет, дурит?

И сигареткой
	     в тумане горит?

Она прогноз не понимает.
Ее земля не принимает.

__________

Худы прогнозы. И ты в ожидании бури,
Как в партизаны, уходишь в свои вестибюли.

Мощное око взирает в иные мира.
Мойщики окон
	       слезят тебя, как мошкара,
Звездный десантник, хрустальное чудище,
Сладко, досадно быть сыном будущего,
Где нет дураков
	        и вокзалов-тортов —
Одни поэты и аэропорты!

Стонет в аквариумном стекле
Небо,
         приваренное к земле.

__________

Аэропорт — озона и солнца
		       аккредитованное посольство!

Сто поколений
	  не смели такого коснуться —
Преодоленья
	     несущих конструкций.
Вместо каменных истуканов
Стынет стакан синевы —
		         без стакана.
Рядом с кассами-теремами
Он, точно газ,
	      антиматериал ен!
Бруклин — дурак, твердокаменный черт.

Памятник эры —
Аэропорт.

",Небо,не указан,простой,1961.0,НОЧНОЙ АЭРОПОРТ В НЬЮ-ЙОРКЕ
"

Мы познали лишь предбанник.
Краток срок.
Поглядите на рубанок —
это ж носорог!

Красноглазы, косороты,
в стружках, точно паровоз,
носороги, носороги,
мчат шипами красных роз.

Носороги на дороге —
точно памятник эпох.
Носороги на сороке —
вроде блох.

Под броней орденоносной
шелк застенчивых кишок.
Стружкой пенятся доносы.
Напряженный, как курок,
в бой, как Навуходоносор,
он бежит, сороконог.

В животе у носорога
наш волшебный носорог! —
Меж твоих дремот и пуков
в носорожьем животе
по фамилии Сонвруков
пребываем в тесноте.

Почему оптимистична
его кожа под паршой?
Рог торчит, как палец, тычась
«на большой»?

Почему же среди монстров
настороженный рывок?
Пастернака звали сестры
«носорог».

Мы живем, забыв о Боге.
Быт в квартире все тесней.
Люди — это носороги.
Нет людей.",Длань,классический,простой,2008.0,НОСОРОГ
"

Я не знаю, как остальные,
но я чувствую жесточайшую
не по прошлому ностальгию —
ностальгию по настоящему.

Будто послушник хочет к Господу,
ну а доступ лишь к настоятелю, —
так и я умоляю доступа
без посредников к настоящему.

Будто сделал я что-то чуждое,
или даже не я — другие.
Упаду на поляну — чувствую
по живой земле ностальгию.

Нас с тобой никто не расколет,
но когда тебя обнимаю —
обнимаю с такой тоскою,
будто кто тебя отнимает.

Когда слышу тирады подленькие
оступившегося товарища,
я ищу не подобья — подлинника,
по нему грущу, настоящему.

одиночества не искупит
в сад распахнутая столярка.
Я тоскую не по искусству,
задыхаюсь по-настоящему.

Всё из пластика — даже рубища,
надоело жить очерково.
Нас с тобою не будет в будущем,
а церковка…

И когда мне хохочет в рожу
идиотствующая мафия,
говорю: «Идиоты — в прошлом.
В настоящем — рост понимания».

Хлещет черная вода из крана,
хлещет ржавая, настоявшаяся,
хлещет красная вода из крана,
я дождусь — пойдет настоящая.

Что прошло, то прошло. к лучшему.
Но прикусываю, как тайну,
ностальгию по настающему,
что настанет. Да не застану.

",Сохранять и покидать,неклассический,сложный,1975.0,НОСТАЛЬГИЯ ПО НАСТОЯЩЕМУ
"

Попискивает комарик,
плывёт в Новый год кровать.
Оставив меня кемарить,
пошёл мой Секс погулять.

По барам, местам приватным,
по бабам, что станут «экс».
Пугая экспроприаторов,
пошёл погулять мой Секс.

По-гоголевски про нос он,
пел песенку, муча плебс,
с невыветрившимся прононсом,
как будто Григорий Лепс.

Перекликаясь саксами,
собой друг друга дразня,
с четвероногими сексами
прогуливаются друзья.

На набережной Стикса
фонари принимают душ.
Тень от моего Секса
доходит до Мулен Руж!

Такая страшная сила
меня по миру несла —
сублимированная Россия,
Евангелие от Козла.

Рождаясь и подыхая,
качающийся, вознесён
с тобой на одном дыхании
кончающий стадион.

В год Новый — былые выгоды.
За выдохом следует вдох.
Из жизни, увы, нет выхода.
И женщина — только вход.

Расстреливающий осекся.
Расстреливаемому — под зад.
Вы видели моего Рекса?
На место, мой Рекс,
	назад!

",Фигура женщины,не указан,простой,2008.0,НОВОГОДНИЕ ПРОГУЛКИ С СЕКСОМ
"

Пл. Маяковского, 3 ч. дня. 
Ты в четырех машинах впереди меня. 
«Волга». «Москвич». «Рафик». 
красный зад с табличкою «проба». 
Трафик. 
Пробка. 

Постовой с микрофоном — 
как эстрадный трагик. 
Шепот. Робкое дыханье. Трели соловья. 
Сопот. Роберт. Долуханова. 
Ты в трех машинах впереди меня. 
Трафик. 

До-ре-ми-фа-соль-ля-си-до-ре —
100 ре-домино-сын в МИСИ-неси 100 ре.

Три часа до Нового года. 
Пл. Пушкина. Нет обгона. 
Пушкин. Фет. Барков. Переделков. Упаковкин. 
Нет парковки. 
Пробка. 
Исторический график: 
Людовики — 7-й, 8-й, 8 1/2 до черта графов. 
Твои любовники — Владлен 3-й, Владлен 4-й.

«Рафик». 
Мне плохо. 
График. 
Пробка. 
Мысли: 
не завелись бы в кардане мыши. 

2 часа до Нового года. 
Пл. Маяковского. Капоты, капоты — 
теснее, чем клавиши 
или места на Ваганьковском кладбище. 

Авто — моя крепость, авторакушка. 
Ловушка! 
Кого боится Вирджиния Вульф? 
Всех, кто впервые сядет за руль. 

Старушка пешком обгоняет вас 
со скоростью 100 км в час. 
По тротуарам несутся ночные ковбои 
с единственной мыслью: кого бы? 

«Шкоды»! Пошехония! 
Пора ограничить скорость пешеходов. 
Или ввести единую. 
1/2 часа до нового года. 
Ты в двух машинах впереди меня. 
О, вечный зад с табличкою «проба»! 
Пробка. 

С РАБОТЫ И НА РАБОТу 
ЛЕТАЙТЕ САМОЛЕТАМИ АЭРОФЛОТА 
ИЗ ФРУНЗЕ В САРАНСК 
НЕ ЛЕТАЙТЕ САМОЛЕТАМИ АЭРОФРАНС. 

Одинокий мужчина 
меняет машину 
в центре Пушкинской площади 
на Жигули той же площади 
но в районе крымского моста 

Твоя машина пуста. 

Я тоскую по сильным глаголам — 
жить — думать — дышать — мчать, — 
как форвард тоскует по голу, 
когда окончился матч. 

Догнать — обернуться — увидеть — 
вернуться — себя подарить — 
нарушить — возненавидеть — 
разбиться — и благодарить — 

ХРАНИТЕ ДЕНЬГИ В КАССАХ АЭРОФЛОТА 
НЕ СИДИТЕ БЕЗ ПРИВЯЗНОГО РЕМНЯ — 
умчать тебя к Новому году — 
ты во всех машинах впереди меня. 

Нарушу. 

Эй, выйдемте все из панцирей и из капотов 
и из зада с табличкою «проба». 

Наружу! 

Шампанского!! 
С Новым годом!!! 

Пробка!

",Мотив полета,неклассический,простой,1975.0,НОВОГОДНИЕ РАЛЛИ-СТОП
"

Старый корвет — самый юный и модный  
				   тысячу лет.
Вышел на улицу без намордника  
			    старый поэт.
В ужасе дети. Полыми флейтами  
			    свищет скелет.
Вдруг проклянет он наше столетие,  
			    страшный поэт?
Мэтр партизанит хромой куртизанкою  
			    под марафет.
Танки похожи на запонки  
		       в грязном снегу манжет.
Ежесекундно рождается заново  
			    новый поэт.
В жизни для женщин, в хохоте встречных
				  смерти ища,
старый поэт, ты бессмертен и вечен,
		       как человеческая душа!
Душа народа на предъявителя.
			    Возраста нет.
Где моя вера, шар из финифти?
			    Слово в зените
через запрет?

Новые русские, извините,
		       я — старый поэт.
",Фигура поэта,неклассический,простой,2004.0,НОВЫЙ ПОЭТ
"

Моя бабушка — староверка,
но она —
научно-техническая революционерка.
Кормит гормонами кабана.

Научно-технические коровы
следят за Харламовым и Петровым,
и, прикрываясь ночным покровом,
сексуал-революционерка Сударкина,
в сердце,
	как в трусики-безразмерки,
умещающая пол-Краснодара,
подрывает основы
семьи,
	частной собственности
		и государства.

Научно-технические обмены
отменны.
Посылаем Терпсихору —
получаем «Пепси-колу».

И все-таки это есть Революция —
в умах, в быту и в народах целых.
К двенадцати стрелки часов крадутся —
но мы носим кварцевые, без стрелок!

Я — попутчик
	научно-технической революции.
При всем уважении к коромыслам
хочу, чтобы в самой дыре завалющей
был водопровод
	и свобода мысли.

За это я стану на горло песне,
устану —
	товарищи подержат за горло.
Но певчее горло с дыхательным вместе —
живу, не дыша от счастья и горя.

Скажу, вырываясь из тисков стишка,
тем горлом, которым дышу и пою:
«Да здравствует Научно-техническая,
перерастающая в Духовную!»

Революция в опасности! Нужны меры.
Она саботажникам не по нутру.
Научно-технические контрреволюционеры
не едят синтетическую икру.

",Мотив чувства,не указан,сложный,1973.0,НТР
"Ну что тебе надо еще от меня?
Чугунна ограда. Улыбка темна.
Я музыка горя, ты музыка лада,
ты яблоко ада, да не про меня!

На всех континентах твои имена
прославил. Такие отгрохал лампады!
Ты музыка счастья, я нота разлада.
Ну что тебе надо еще от меня?

Смеялась: «Ты ангел?» — я лгал, как змея.
Сказала: «Будь смел» — не вылазил из спален.
Сказала: «Будь первым» — я стал гениален,
ну что тебе надо еще от меня?

Исчерпана плата до смертного дня.
Последний горит под твоим снегопадом.
Был музыкой чуда, стал музыкой яда,
ну что тебе надо еще от меня?

Но и под лопатой спою, не виня:
«Пусть я удобренье для божьего сада,
ты — музыка чуда, но больше не надо!
Ты случай досады. Играй без меня».

И вздрогнули складни, как створки окна.
И вышла усталая и без наряда.
Сказала: «Люблю тебя. Больше нет сладу.
Ну что тебе надо еще от меня?»

",Музыкальная,не указан,простой,1971.0,...
"

Не до муз этим летом кромешным.
В доме — смерти, одна за другой.
Занимаюсь квартирообменом,
чтобы съехались мама с сестрой.

Как последняя песня поэта,
едут женщины на грузовой,
две жилицы в посмертное лето —
мать с сестрой.

Мать снимает пушинки от шали,
и пушинки
   летят
              с пальтеца,
чтоб дорогу по ним отыскали
тени бабушки и отца.

И, как эхо их нового адреса,
провожая заплаканный скарб,
вместо выехавшего августа
в наши судьбы въезжает сентябрь.

Не обменивайте квартиры!
Пощади, распорядок земной,
мою малую родину сирую —
мать с сестрой.

Обменяться бы — да поздновато! —
на удел,
как они, без вины виноватых
и без счастья счастливых людей.

",Фигура поэта,неклассический,сложный,1974.0,ОБМЕН
"

Это мой теневой кабинет.
Пока нет:
гардероба
и полн. собр. соч. Кальдерона.
Его Величество Александрийский буфет
правит мною в рассрочку несколько лет.
Вот кресло-катапульта
времен борьбы против культа.
Тень от предстоящей иконы:
«Кинозвезда, пожирающая дракона».
Обещал подарить Солоухин.
По слухам,
VI век.
Феофан Грек.
Стол. «Кент».
На столе ответ на анкету:
«Предпочитаю «Беломор» «Кенту».

Вот жены акварельный портрет.
Обн. натура.
Персидская миниатюра.
III век. Эмали лиловой.
Сама, вероятно, в столовой...
Вот моя теневая столовая —
смотрите, какая здоровая!
Па обед
все, чего нет
(след, перечисление ед).
Тень бабушки — салфетка узорная,
вышивала, страдалица, вензеля иллюзорные.

Осторожно, деда уронишь!
Пианино. «Рёниш».
Мамино.

Видно, жена перед нами играла Рахманинова.
Одна клавиша полуутоплена,
еще теплая.
(Бьет.) Ой, нота какая печальная!
Сама, вероятно, в спальне.
Услышала нас и пошла наводить марафет.

«Уходя, выключайте свет!»
«Проходя через пороги,
предварительно вытирайте ноги.
Потолки новые —
предварительно вымывайте голову».

Вот моя теневая спальня.
Ох, как развалено...
Хорошо, что жены нет.
Тень от Милы, Нади, Тани, Ниннет
+ 14 созданий
с площади Испании.
Уголок забытых вещей!
№ 2-й,
№ 3-й,
№ 8-й — никто не признается чай!
А вот женина брошка.
И платье брошено...
наверное, опять побегла к Аэродромову
за димедролом...
Актриса, но тем не менее!
Простите, это дела семейные...

(В прихожей, черен и непрост,
кот поднимал загнутый хвост,
его в рассеянности Гость,
к несчастью, принимал за трость.)

Вот ванная.
Что-то странное!
Свет под дверью. Заперто изнутри.
Нет, не верю! Эй, Аэродромов, отвори!
Вот так всегда.
Слышите, переливается на пол вода.
(Стучит.) Нет ответа.
(От страшной догадки он делается
	неузнаваем.)

О нет, только не это!..
Ломаем!
Она ведь вчера говорила —
«Если не придешь домой...»
Милая! Что ты натворила!
(Дверь высаживают.)
Боже мой!..
Никого. Только зеркало запотелое.
Перелитая ванна полна пустой глубины.
Сухие, нетронутые полотенца...

Голос из стены:
«А зачем мне вытираться,
вылетая в вентиляцию?!»

",Время,не указан,простой,1972.0,Обстановочка
"

Напои меня вином —
темно-красною свободой,
напои меня собою,
в рот набрав «Сент-Эмильон».

Напои меня виной
холодяще, эротично.
Все другое — еретично.
Нови, нови нет в ином!

Все фужеры я давно
перебил тебе на счастье.
Обучу тебя причастью
пить взаимное вино.

Научу пить из горла
вкус малины и канцоны —
антирадиационно
Геба ты, а не герла.

«С Новым годом!» повторим.
Неужели, неужели
твои женские фужеры
не новее всех новин?!

Жизнь — короткие вакейшены.
Нам завещано одно —
пить из губ любимой женщины
монастырское вино!

Рукавами кимоно
утро сужено в окно.
Нови, нови нету, но
есть вино, вино, вино.

Только зеркало с торца
отражает невозможно
неразъятою восьмеркой
два дурацкие лица.

Новый год — какой наив!
Век какой? Не все ль равно...
Нет новин, новин, новин,
есть вино, вино, вино...",Время,неклассический,простой,1998.0,ОБУЧЕНИЕ ВИНОПИТИЮ
"

«Блондинка, стройная,
172- сантиметровая,
что любит кулинарию и книги» —
опубликована,
как ордер просмотровый,
в «Вечерней Риге».

Мне это имя, кажется, знакомо...
Нога балетная. Улыбка бабьелетняя.
Под шкаф скакнула
незабвенная заколка...
По объявлению! по объявлению!

Кругом двухкомнатные женщины
петитом.
Спрос на мужчин от 40 и до 50-ти.
Под ними руки
стерты Моцартом и стиркою.
Какие страшные судеб
четверостишия!

Идут по улицам, взрослея и старея,
и мнут перед редакцией перчатки
самые честные стихотворения.
Не всех печатают.

Несложившиеся книги.
Неопубликованные невесты.
Я не печатаюсь в вечерней «Риге»,
чтоб им было больше места.

Где ты идешь сейчас, какой дорогой?
Очки поправив.
Бездонные глаза — как некрологи
в черной оправе.

По всей стране конверты
запечатывают.
Хохочет кодло.
Наверно, пошло, что в газете их
печатают.
Но не печатать - подло.

",Стремление,не указан,простой,1980,ОБЪЯВЛЕНИЕ О ЗНАКОМСТВЕ
"

«Очисти, снег, страну,
сознание очисти.
Телеэкран души
зашкален от помех.
Мне непонятно, с кем
помолвлена отчизна.
Очисти душу, снег.
(На клавишах берез,
взлетев, сыграем «Чижик».
Все пьяные, как снег,
целуемся при всех.)
...В душе метет метель —
предсвадебный мальчишник?
Смертельно люблю снег.
Люблю ногами вверх
висящие кальсоны.
В морозе, как собор
из колоколен двух.
Очисти, снег, страну
неконституционно,
исповедью вслух.
Очисти, снег, страну
сейчас, без промедленья!
Не трогай, гнев, страну.
Пусть к нам слетит с небес
мольба объединенья.
Я снегу присягну».



",Снег,не указан,простой,1995.0,"ОЧИСТИ, СНЕГ"
"

Рука, спасибо за науку!
Став мне рукой,
ты, точно сука, одноуха,
болтаешься вниз головой...

Собаки — это человечье,
плюс — animal.
Мы в церкви держим в левой свечи,
чтоб Бог нас лучше понимал.

А людям без стыда и чести
понять помог
мой аргумент мужского жеста,
напрягшегося, как курок.

Ты с женщинами непосредственно
вела себя.
Ты охраняешь область сердца, —
боль начинается с тебя.

Ты — это мой самоучитель,
ноты травы.
Сегодня все мои мучители —
это мучители твои!

Когда ж чудовищная сила
меня несла —
башку собою заслонила,
меня спасла...

Но устаёшь от пьедестала.
Моя ж рука,
вдруг выкобениваться стала,
став автономно далека.

Я этот вызов беззаконный
счёл за теракт!
Но — хочет воли автономий
анатомический театр!

Я твой губитель, я — подлец.
Ты чахла.
Обёртывалась новой чакрой
неизлечимая болезнь.

Ты мне больничная запомнилась.
Забыть нельзя.
Лежишь, похожа на омоновца,
замотанная по глаза.

Не помню я тебя скулящей,
когда, скорбя,
мы с мировыми эскулапами
осматривали тебя.

Как мог я дать тебя кромсать
ножам чужим и недостойным,
мешая ненависть со стоном?!
Так, вашу мать!

Междоусобны наши войны.
Дав свою плоть,
мы продаём себя невольно
и то, что завещал Господь.

Мне снится сон: пустыня Гоби.
На перевязи, на весу,
как бы возлюбленную в гробе,
я руку мёртвую несу.

Возлюбленная — как акула.
Творя инцест,
меня почти совсем сглотнула,
ещё секунда — сердце съест!

Прощаюсь с преданною жизнью.
Рука ж вполне
здоровая — на ней повисну,
как тощий плащ или кашне.

",Длань,не указан,сложный,2007.0,ОДА МОЕЙ ЛЕВОЙ РУКЕ
"

Первый бунт против Бога — одежда.
Голый, созданный в холоде леса,
поправляя Создателя дерзко,
вдруг — оделся.

Подрывание строя — одежда,
когда жердеобразный чудак
каждодневно
желтой кофты вывешивал флаг.

В чем великие джинсы повинны?
В вечном споре низов и верхов —
тела нижняя половина
торжествует над ложью умов.

И, плечами пожав, Слава Зайцев,
чтобы легче дышать или плакать,—
декольте на груди вырезает,
вниз углом, как арбузную мякоть.

Ты дыши нестесненно и смело,
очертаньями хороша,
содержанье одежды — тело,
содержание тела — душа.

",Душа,не указан,сложный,1977.0,Ода одежде
"

Я славлю скважины замочные.
Клевещущему -
исполать.
Мне репутации подмочены.
Трещи,
трехспальная кровать!

У, сплетники! У, их рассказы!
Люблю их царственные рты,
их уши,
точно унитазы,
непогрешимы и чисты.

И версии урчат отчаянно
в лабораториях ушей,
что кот на даче у Ошанина
сожрал соседских голубей,
что гражданина А. в редиске
накрыли с балериной Б...

Я жил тогда в Новосибирске
в блистанье сплетен о тебе.
Как пулеметы, телефоны
меня косили наповал.
И, точно тенор — анемоны,
я анонимки получал.

Междугородные звонили.
Их голос, пахнущий ванилью,
шептал, что ты опять дуришь,
что твой поклонник толст и рыж.
Что таешь, таешь льдышкой тонкой
в пожатье пышущих ручищ...

Я возвращался.
На Волхонке
лежали черные ручьи.

И все оказывалось шуткой,
насквозь придуманной виной,
и ты запахивала шубку
и пахла снегом и весной.

Так ложь становится гарантией
твоей любви, твоей тоски...

Орите, милые, горланьте!..
Да здравствуют клеветники!

Смакуйте! Дергайтесь от тика!
Но почему так страшно тихо?

Тебя не судят, не винят,
и телефоны не звонят...

",Снег,не указан,простой,1958.0,ОДА СПЛЕТНИКАМ
"

Бежишь не от меня —
от себя Ты бежишь.
Рандеву отменя,
убегаешь в Париж.

На мобильный Сезам
объяснишь: «Например,
я внимала слезам
нотр-дамских химер».

Для того ль Тебя Бог
оделил красотой,
чтоб усталый плейбой
рифмовался с тобой?

Именины Твои
справишь, прячась в Твери.
Для чего выходной?
Чтоб остаться одной?

Ты опять у окна,
как опята, бледна.
Ничего впереди.
От себя не сбежишь.
Ручки тянет к груди
нерождённый малыш...

Не догонишь, хрипя,
длинноногий табун.
Не догонит себя
одинокий бегун.

Ночью лапы толпы
станут потными.
Не рифмуешься Ты
с идиотами.

Каково самой
владеть истиной,
чтобы из одной
стать единственной!

Стиснешь пальцы, моля,
прагматизм бытия,
гениальность моя,
Ты — единственная.

Среди диспутов,
дисков, дискурсов
Ты — единственная:
будь Единственной.

",Прошедшее,не указан,простой,2008.0,ОДНОЙ
,Сохранять и покидать,не указан,простой,1981,ОГЛЯНИСЬ ВПЕРЕД
"

Охрани, Провидение, своим махом шагреневым,
					пощади ее хижину —
мою мать — Вознесенскую Антонину Сергеевну,
			    урожденную Пастушихину.
Воробьишко серебряно пусть в окно постучится:
«Добрый день, Антонина Сергеевна,

урожденная Пастушихина!»
Дал отец ей фамилию, чтоб укутать от Времени.
Ее беды помиловали, да не все, к сожалению.
За житейские стыни, две войны и пустые деревни
родила она сына и дочку, Наталью Андреевну.
И, зайдя за калитку, в небесах над речушкою
подарила им нитку — уток нитку жемчужную.
Ее серые взоры, круглый лоб без морщинки,
коммунальные ссоры утишали своей

беззащитностью.
Любит Блока и Сирина, режет рюмкой пельмени.
Есть другие россии. Но мне эта милее.
Что наивно просила, насмотревшись по телеку:
«Чтоб тебя не убили, сын, не езди в Америку...»

",Мотив своего,не указан,сложный,1978,МАТЬ
"

Припади к стеклу - что я делаю? -
совпадение запотелое.

Золотая до обалдения,
запотевшее совпадение.

Совпадение наших судеб,
наших шуток, лесных как Шуберт.

Нос приплюсни в окно потешное,
совпадение запотевшее.

Торопись, моя современница,
горы сдвинутся, царства сменятся,

только это и неподдельное -
запотевшее совпадение.



",Домашняя,не указан,сложный,1980,ОКНО
"

Трапециями колеблющимися
скользая через лес,
олени,
как троллейбусы,
снимают ток
с небес.

Я опоздал к отходу их
на пару тысяч лет,
но тянет на охоту —
вслед...

Когда их Бог задумал,
не понимал и сам,
что в душу мне задует
тоску по небесам.

Тоскующие дула
протянуты к лесам!

О эта зависть резкая,
два спаренных ствола —
как провод перерезанный
к природе, что ушла.

Сквозь пристальные годы
тоскую по тому,
кто опоздал к отлету,
к отлову моему!

",Небо,не указан,сложный,1968.0,ОЛЕНЬЯ ОХОТА
"

Лязг колясок, скрип резины
в инвалютных небесах -
инвалид всея России
возвращается назад.
И душа, как черный ящик,
не заснет весь рейс она
между олимпийцев спящих,
расчлененных, как страна.
На коляске их до трапу
барселонцы подвезли,
как веласкесского Папу,
в кресле подняли с земли.
Королевские медали,
дам восторженный бинокль...
С чем на родине их ждали?
Родина — без рук, без ног.
Я не сплю. Заснул афганец,
подорвавшись на любви.
Не читай ему акафист.
С утешеньем отвали.
Загорелая восковка,
и тоска на тормозах,
и оттенок превосходства
снизу вверх - в его глазах.
Что спасет нас? Только прана,
воли бешеный комок,
что нас подымает на ноги,
даже если нету ног.
Летний сад, пошли им ласково
круг решетки на углу -
инвалидную коляску,
утонувшую в снегу.

",Сон,не указан,сложный,1980,ОЛИМПИЙСКАЯ СБОРНАЯ
"

Так поэзия и движется.
Вам шипится, а мне — пишется.

",Прошедшее,не указан,простой,1990.0,ОППОНЕНТАМ
"

Свисаю с вагонной площадки,
прощайте,

прощай мое лето,
пора мне,
на даче стучат топорами,
мой дом забивают дощатый,
прощайте,

леса мои сбросили кроны,
пусты они и грустны,
как ящик с аккордеона,
а музыку — унесли,

мы —люди,
мы тоже порожни,
уходим мы,
так уже положено,
из стен,
матерей
и из женщин,
и этот порядок извечен,

прощай, моя мама,
у окон
ты станешь прозрачно, как кокон,
наверно, умаялась за день,
присядем,

друзья и враги, бывайте,
гуд бай,
из меня сейчас
со свистом вы выбегаете,
и я ухожу из вас,

о родина, попрощаемся,
буду звезда, ветла,
не плачу, не попрошайка,
спасибо, жизнь, что была,

на стрельбищах
в 10 баллов
я пробовал выбить 100,
спасибо, что ошибался,
но трижды спасибо, что

в прозрачные мои лопатки
вошла гениальность, как
в резиновую перчатку
красный мужской кулак,

«Андрей Вознесенский» — будет,
побыть бы не словом, не бульдиком,
еще на щеке твоей душной —
«Андрюшкой»,

спасибо, что в рощах осенних
ты встретилась, что-то спросила
и пса волокла за ошейник,
а он упирался,
спасибо,

я ожил, спасибо за осень,
что ты мне меня объяснила,
хозяйка будила нас в восемь,
а в праздники сипло басила
пластинка блатного пошиба,
спасибо,

но вот ты уходишь, уходишь,
как поезд отходит, уходишь...
из пор моих полых уходишь,
мы врозь друг из друга уходим,
чем нам этот дом неугоден?

Ты рядом и где-то далеко,
почти что у Владивостока,

я знаю, что мы повторимся
в друзьях и подругах, в травинках,
нас этот заменит и тот —
«природа боится пустот»,

спасибо за сдутые кроны,
на смену придут миллионы,
за ваши законы — спасибо,

но женщина мчится по склонам,
как огненный лист за вагоном...

Спасите!

",Прощение,неклассический,сложный,1961,Осень в Сигулде
"

Как золотят купола
в строительных легких лесах —
оранжевая гора
стоит в пустынных лесах.

Уже золотить пора бы.
Да запили мастера!
Горит грунтовкой оранжевой
окрашенная гора.

",Небо,не указан,сложный,1969.0,ОСЕННИЙ ДИЛИЖАН
"

Кружатся опилки,
груши и лимоны.
Прямо
          на затылки
падают балконы!

Мимо этой сутолоки,
ветра, листопада
мчатся на полуторке
ведра и лопаты.

Над головоломной
	             ка-
		та-
		   строфой
мы летим в Коломну
убирать картофель.

Замотаем платьица,
брючины засучим.
Всадим заступ
в задницы
               пахотам и кручам!

",Мотив полета,не указан,сложный,1953.0,ОСЕННИЙ ВОСКРЕСНИК
"

	Зое

В окошках свет погас,
умолкнул пустобрёх.
Пошел мой лучший час —
от трёх до четырёх.

Стих крепок, как и чай.
Вас посещает Бог.
Шла служба при свечах
от трёх до четырёх.

Как слышно далеко!
Как будто возле нас.
Разлили молоко...
Спустили унитаз...

Очередной мосхит?
Или поёт москит?
От трёх до четырёх
наш мир не так уж плох.

Люблю я в три проснуться,
в душе — переполох,
Конфуция коснуться
и спать без задних ног.

Кабина поперёк,
и Хайдеггер, дымясь
камином кочерёг,
попросвещает вас.

Пускай вы в жизни лох
и размазня-пирог,
но вы сейчас — пророк,
и смысла поперёк!

Я сам не разумел
идею, что изрёк,
но милиционер
вдруг взял под козырёк.

Становимся у касс.
Обломы за отказ.
Но в небе только час,
отпущенный для нас.

Жизнь — полусонный бред.
«Стилнокса» пузырёк
прокладывает брешь
от трёх до четырёх!

Я без Тебя опять.
Как мне найти предлог,
чтоб досуществовать
от четырёх до трёх?

Кто в дверь звонит? Мосгаз?
Не слушайте дурёх.
И не будите нас
от трёх до четырёх.

",Сон,не указан,простой,2007.0,ОТ ТРЁХ ДО ЧЕТЫРЁХ
"

Что тебе привезти из Парижу?
Кроме тряпок, т. д. и т. п.
Пожелтевшую нашу афишу
и немного тоски по тебе.

Небогатые эти подарки.
Я в уме примеряю к тебе
Триумфальную белую арку,
словно платье с большим декольте.

",Мотив белого,не указан,сложный,1984.0,Открытка
"

Здравствуйте, министр добрейший
аморальных удобрений!
У датчан едят нитрат
больше нашего в сто крат?

Я за них просто в отчаянии!
По больницам нашим в ряд —
все датчане, все датчане
с отравленьями лежат.

Ах, министр, не пестицидьте!
Неужель — не у датчан —
детской смертности статистика
Вас не будит по ночам?!

Скушайте, министр, продукты,
что народу продают.
В Дании такие фрукты
в отставку подают.

Тяжко в Дании живется.
Нет у них в юдоли бренной
Министерства производства
минеральных удобрений.

Ах, министр, не мучьте сердце!
Упраздните Министерство.
Чтобы елось москвичам
		     (псковичам и т. д.)
хоть на уровне датчан.

",Морская,не указан,простой,1989,Ответ министру
"

Все пишут — я перестаю.
О Сталине, Высоцком, о Байкале,
Гребенщикове и Шагале
писал, когда не разрешали.

Я не хочу «попасть в струю».",Молитва,классический,сложный,1980.0,"Ответ на записку
"
"

Кто ты — непознанный бог
или природа по Дарвину —
но по сравненью с Тобой,
как я бездарен!

Озера тайный овал
высветлит в утренней просеке
то, что мой предок назвал
кодом нечаянным: «Господи...»

Господи, это же ты!
Вижу как будто впервые
озеро красоты
русской периферии.

Господи, это же ты
вместо исповедальни
горбишься у воды
старой скамейкой цимбальной.

Будто впервые к воде
выйду, кустарник отрину,
вместо молитвы Тебе
я расскажу про актрису.

Дом, где родилась она, —
между собором и баром...
как ты одарена,
как твой сценарий бездарен!

Долго не знал о тебе.
Вдруг в захолустнейшем поезде
ты обернулась в купе:
Господи...

Господи, это же ты...
Помнишь, перевернулись
возле Алма-Аты?
Только сейчас обернулись.
 
Это впервые со мной,
это впервые,
будто от жизни самой
был на периферии.

Годы. Темноты. Мосты.
И осознать в перерыве:
Господи — это же ты!
Это — впервые.

",Молитва,неклассический,сложный,1975.0,ОЗЕРО
,Морская,не указан,простой,,ОЗЕРО
"Пальцы твоей ступни, уменьшающиеся, как слоники
на бабушкином комоде, — фигурки твоей родни,
уменьшенные от времени, сплющенные, как гномики, —
отец твой, салонная бабушка, дед, матушка, все они —
плюс сгорбленная в мизинчик любовница Наполеона, —
подсматривают за нами с пляжевой простыни,
как было лежать им в гробике туфель, где все - ни-ни!
Пляж пускает, как подсолнухи, панцирные клешни.
Ушел сухогруз в Салоники. Но пальцы твоей ступни
мне жить не дают, привставшие над простыней зеленою,
фаланги к потустороннему, которое не спугни,
жмурящиеся от жизни, от моря на вкус соленые,
шалом! Что желают пальцы левой твоей ступни?

",Морская,не указан,сложный,1992.0,...
"

Не называйте его бардом.
Он был поэтом по природе.
Меньшого потеряли брата —
всенародного Володю.

Остались улицы Высоцкого,
осталось племя в «леви-страус»,
от Черного и до Охотского
страна неспетая осталась.

Вокруг тебя за свежим дерном
растет толпа вечноживая.
Ты так хотел, чтоб не актером —
чтобы поэтом называли.

Правее входа на Ваганьково
могила вырыта вакантная.
Покрыла Гамлета таганского
землей есенинской лопата.

Дождь тушит свечи восковые...
Всё, что осталось от Высоцкого,
магнитофонной расфасовкою
уносят, как бинты живые.

Ты жил, играл и пел с усмешкою.
любовь российская и рана.
Ты в черной рамке не уместишься.
Тесны тебе людские рамки.

С какой душевной перегрузкой
ты пел Хлопушу и Шекспира —
ты говорил о нашем, русском,
так, что щемило и щепило!

Писцы останутся писцами
в бумагах тленных и мелованных.
Певцы останутся певцами
в народном вздохе миллионном...

",Прошедшее,не указан,сложный,1980.0,"Памяти Владимира Высоцкого
"
,Мотив белого,не указан,простой,,ПАРА-ШУТ
"

Судьба, как ракета, летит по параболе
обычно — во мраке и реже — по радуге.

Жил огненно-рыжий художник Гоген,
богема, а в прошлом — торговый агент.
Чтоб в Лувр королевский попасть
			     из Монмартра,

он
   дал
       кругаля через Яву с Суматрой!

Унесся, забыв сумасшествие денег,
кудахтанье жен и дерьмо академий.
Он преодолел
	    тяготенье земное.

Жрецы гоготали за кружкой пивною:
«Прямая — короче, парабола — круче,
не лучше ль скопировать райские кущи?»

А он уносился ракетой ревущей
сквозь ветер, срывающий фалды и уши.
И в Лувр он попал не сквозь главный порог —
параболой
       гневно
	     пробив потолок!

Идут к своим правдам, по-разному храбро,
червяк — через щель, человек — по параболе.
Жила-была девочка, рядом в квартале.
Мы с нею учились, зачеты сдавали.
Куда ж я уехал!
	     И черт меня нес
меж грузных тбилисских двусмысленных
				     звезд!

Прости мне дурацкую эту параболу.
Простывшие плечики в черном парадном...
О, как ты звенела во мраке Вселенной
упруго и прямо — как прутик антенны!
А я все лечу,
	      приземляясь по ним —
земным и озябшим твоим позывным.
Как трудно дается нам эта парабола!..

Сметая каноны, прогнозы, параграфы,
несутся искусство,
		   любовь
			и история —
по параболической траектории!

В Сибирь уезжает он нынешней ночью.
...................................
А может быть, все же прямая — короче?



",Мотив полета,неклассический,сложный,1958.0,ПАРАБОЛИЧЕСКАЯ БАЛЛАДА
"Пей отраву, ешь «ризотто»,
но последняя строка —
линиею горизонта
будет жить наверняка!

",Мотив своего,не указан,сложный,2008.0,...
"

В год приближения Галлеи
прощаюсь с Третьяковской галереей.

Картины сняты. Пусты анфилады.
Стремянкою с последнего холста

Снимали со стены «Явление Христа».

Рыдают бабы. На стенах разводы.
Ты сам статьями торопил ремонт.
«Явление Христа» уходит от народа
в запасный фонд.

Ты выступал, что все гниет преступно,
чего ж ты заикаешься от слез?
Последним капитан уходит с судна —
не понятый художником Христос.

Художнику Христос не удавался.
Фигуркой исчезающей из глаз,
вы думали — он приближался?
Он, пятясь, удаляется от нас.

До нового свиданья, Галерея!
До нового чертога, красота.
Не нам, не нам ты явишься, Галлея.
До новых зрителей, «Явление Христа».

На улицу, раздвинув операторов
и запахнув сатиновый хитон,

Я обознался. Это был не он.

",Время,не указан,простой,1986.0,ПЕРЕД РЕМОНТОМ
"

По гнущимся ступеням
к источнику, что снизу,
кто вывел автогеном
«Надежда» и «Лариса»?
Ах, женские ступени
и имя на плаву,
как в поминальном пенье
и в храме на полу.
Железа отсвет паюсный,
вечерний прогибается
под мною и тобой.
Ты туфли не из риска
снимаешь с каблуком —
чтоб ощутить Ларису,
ощупав босиком.
Плащ подвернув до «мини»,
нагнешься в темноте
и пальцем свое имя
напишешь на воде.
И озаренный инеем,
с твоей ладони пью
разбавленную именем
прощальную струю.
",Мотив своего,неклассический,сложный,1992.0,ПЕРЕДЕЛКИНСКИЙ КЛЮЧ
"

Поднял глаза я в поисках истины,
заслонили составы товарные.
На них твоим почерком было написано:
«Не оставляй меня».

Я оглянулся на леса залысины —
что за привычка эпистолярная?
«Не оставляй меня, — было написано
поперек неба, — не оставляй меня».

«Не оставляй», — из окошек лабали.
Как край полосатый авиаоткрытки,
мелко дрожал слабоумный шлагбаум:
«Не оставляй...» Было всё перекрыто.

Я узнаю твою руку заранее.
Я побежал за вагонным вихлянием.
Мимо платформы «Не оставляй меня»
плыли составы «Не оставляй меня».

",Сохранять и покидать,не указан,сложный,1982.0,Переезд
"

В переходе на Пушкинской
была пирсинга лавочка.
Твои щёки припухшие
украшали мы давеча
модным вздором серебряным...
Лохов девушки клеили.
И дрожали целебные
два колечка над лейблами.
Всё казалось игрушечным.
Милицейский — без пушечки.
Вдруг со взором опущенным
ты выходишь на Пушкинской?..
Времена переходные...
Вместо лавочки с обувью
корчатся пешеходы
с вывороченными утробами.
У девчонки подобранной
шоком сдвинута психика,
и на ухе оторванном
три заветные пирсинга.
Будьте прокляты, рожи
фотороботов-призраков!
Спаси, Господи Боже,
мою девочку с пирсингом!

",Прощение,не указан,сложный,2000.0,ПЕРЕХОД НА ПУШКИНСКОЙ
"

Мы были влюблены.
Под бабкиным халатом
твой жмурился пупок среди такой страны!
И водка по ножу
		стекала в сок томатный,
не смешиваясь с ним.
Мы были влюблены.

Мы были влюблены. Сожмись, комок свободы!
А за окном луны, понятный для собак,
невидимый людьми,
		шел не Христос по водам —
по крови деспот шел в бесшумных сапогах.

Плевался кровью кран под кухонною кровлей.
И умывались мы, не ведая вины.
Струилась в нас любовь, не смешиваясь с кровью.
Прости, что в эти дни
мы были влюблены.

",Стремление,не указан,простой,1985,Первая любовь
"
Мы были влюблены.
Под бабкиным халатом
твой хмурился пупок среди такой страны!
И водка по ножу
стекала в сок томатный,
не смешиваясь с ним.
Мы были влюблены.

Мы были влюблены. Сожмись, комок свободы!
А за окном луны, понятный для собак,
невидимый людьми,
шёл не Христос по водам —
по крови деспот шёл в бесшумных сапогах.

Плевался кровью кран под кухонною кровлей.
И умывались мы, не ведая вины.
Струилась в нас любовь, не смешиваясь с кровью.
Прости, что в эти дни
мы были влюблены.


",Стремление,не указан,простой,1985.0,ПЕРВАЯ ЛЮБОВЬ
"

К шестичасовому сподобясь,
спиной ощущая страну,
я в загородном автобусе
заутреню отстою.

Автобус дыханьем натопится,
и буду я в угол забит,
когда вся округа в автобусе,
как лошади, стоя спит.

О чем ты забылся, биндюжник,
как кариатид в уголке?
Но сон твой капелью жемчужной
остался на потолке.

На утренних лицах помятых,
как выпуклы книги слепых,
такое я понимаю,
как будто я сам их слепил.

Спи, рыжая, ахнув на рытвинах.
Чей муж тебе снится в пути?
Старуха с глазами открытыми,
еще полчаса тебе, спи.

Что снится торгашке спрессованной,
вздохнувшей, как кодекс почти:
«Имейте, товарищи, совесть!»
Спи, совесть автобуса, спи.

Навеки уже не расстаться
с объявшею жизнью земной,
когда не осталось пространства
меж жизнью чужою и мной.

В тумане буханкою хлеба
автобус ползет, как слепец.
Ломтями пшеничного света
свет окон ложится на лес.

Не видел я спящих царевен,
висящих в хрустальном лесу,
но видел, как спит современница
в автобусе на весу.

Подняв кулачок, как свобода
с картины Делакруа,
сжав поручень над проходом,
спокойно и гневно спала.

Виденья вчерашних загулов
твои утомляли черты.
О чем ты над нами вздохнула?
И большее что-то, чем ты...

Как поднятый лебедь за шею,
на белой ручонке висишь.
И я объяснить не сумею,
какая великая тишь,

какая свобода настала,
похожая на обряд,
когда, чтобы ты не упала,
прижав тебя, жизни стоят.

Не видел я, как ты вышла.
Наверно, проспала, летя.
И вытащил кто-то сквозь крышу
за белую руку тебя.

А тот, кто не встал пред тобою
и места не уступил,
лишился не только свободы —
спасенье души упустил.

",Сон,не указан,сложный,1980.0,"ПЕРВЫЙ АВТОБУС
"
"

Мерзнет девочка в автомате,
прячет в зябкое пальтецо
все в слезах и губной помаде
перемазанное лицо.

Дышит в худенькие ладошки.
Пальцы — льдышки. В ушах — сережки.

Ей обратно одной, одной
вдоль по улочке ледяной.

Певый лед. Это в первый раз.
Первый лед телефонных фраз.

Мерзлый след на щеках блестит —
первый лед от людских обид.

Поскользнешься. Ведь в первый раз.
Бьет по радио поздний час.

Эх, раз,
еще раз,
еще много, много раз.",Прощение,неклассический,простой,1956.0,ПЕРВЫЙ ЛЕД
"

Белое, белое, белое
с семечками людей.
Белые бультерьеры
синеют, как парабеллумы,
на абсолютно белом.
Больно глядеть!

Кусай белизну пломбирную!
Взвей лапами пух-перо!
На клавишах лабух лоббирует —
Лобби — лоббилоббило — бело...

Шарпею не больше года.
Первый культурный шок.
Невинно идёт над городом
невидимый порошок.

Оставь человеку неба!
В груди у меня пожар.
Но завтра не будет снега —
шарпей сожрал.

И чтобы вы не пугались,
пред вами, хоть путь непрост,
как поднятый большой палец,
маячит шарпея хвост.

",Мотив белого,не указан,простой,2001.0,ПЕРВЫЙ В ЖИЗНИ СНЕГ
"

Над Академией,
осатанев,
грехопадением
падает снег.

Парками, скверами
счастье взвилось.
Мы были первыми.
С нас началось —

рифмы, молитвы,
свист пулевой,
прыганья в лифты
вниз головой!

Сани, погони,
искры из глаз.
Все — эпигоны,
все после нас...

С неба тяжёлого,
сном, чудодейством,
снегом на голову
валится детство,

свалкою, волей,
шапкой с ушами,
шалостью, школой,
непослушаньем.

Здесь мы встречаемся.
Мы однолетки.
Мы задыхаемся
в лестничной клетке.

Автомобилями
мчатся недели.
К чёрту фамилии!
Осточертели!

Разве Монтекки
и Капулетти
локоны, веки,
лепеты эти?

Тысячеустым
четверостишием
чище искусства,
чуда почище.


",Снег,не указан,простой,1950.0,ПЕРВЫЙ СНЕГ
"

Не славы и не коровы,
не шаткой короны земной —
пошли мне, господь, второго, —
чтоб вытянул петь со мной!

Прошу не любви ворованной,
не милостей на денек —
пошли мне, господь, второго, —
чтоб не был так одинок.

Чтоб было с кем пасоваться,
аукаться через степь,
для сердца, не для оваций,
на два голоса спеть!

Чтоб кто-нибудь меня понял,
не часто, ну, хоть разок.
Из раненых губ моих поднял
царапнутый пулей рожок.

И пусть мой напарник певчий,
забыв, что мы сила вдвоем,
меня, побледнев от соперничества,
прирежет за общим столом.

Прости ему. Пусть до гроба
одиночеством окружен.
Пошли ему, бог, второго —
такого, как я и он.


",Прощение,неклассический,сложный,1971.0,ПЕСНЯ АКЫНА
"
У него колечко в ухе
вспыхивает под лучом —
чистым слухом в век чернухи
с музыкою обручён.

1990-ые",Время,не указан,простой,1990.0,ПЕВЕЦ
"

Аристократизм в красоте,
не среди родословных дубрав.
Сын плотника — на кресте.
Плотников — фото-граф.

",Длань,не указан,простой,1995.0,ФОТОМАСТЕР
"

Сколько было тьмы непониманья,
чтоб ладонь прибитая Христа
протянула нам для умыванья
пригорошни, полные стыда?

И опять на непроглядных водах
стоком оскверненного пруда
лилия хватается за воздух –
как ладонь прибитая Христа.

",Длань,неклассический,сложный,1977.0,Пиета
"

Старая песенка
мне боль ослабила,
сняла все прессинги,
как раньше, набело,
легла мне на сердце,
на «раза табула» —
табулатабулатабулатабулатабулатабулат
булатабулатабулатабулатабулатабулатабула
табулатабулатабулатабулатабулата
булата сердце
игла корябала
нам на усладу",Мотив чувства,не указан,сложный,1998,ПЛАСТИНКА
"
Портится почерк. Не разберешь,
что накарябал.
Портится почерк. Стиль нехорош,
но не характер.

Солнце, напрягшись, как массажист,
дышит, как поршень.
У миллионов испорчена жизнь,
воздух испорчен.

Почки в порядке, но не понять
сердца каракуль.
Точно «Варяг» или буквочка «ять»,
тонет кораблик.

Я тороплюсь. Сквозь летящую дичь,
сквозь нескладуху —
скоропись духа успеть бы постичь,
скоропись духа!

Бешеным веером по февралю
чиркнули сани.
Я загогулину эту люблю
чистописанья!

Скоропись духа гуляет здесь
вне школьных правил.
«Надежды нету — надежда есть»
(Апостол Павел).

Почерк исчез, как в туннеле свет.
Незримый Боже!
Чем тебя больше на свете нет —
тем тебя больше!

",Мотив чувства,неклассический,простой,2004.0,ПЛОХОЙ ПОЧЕРК
,Молитва,не указан,простой,,ПЛОВЕЦ
"

Хороните цветы — убиенные гладиолусы,
молодые тюльпаны, зарезанные до звезды...
С верхом гроб нагрузивши, на черном автобусе
провезите цветы.

Отпевайте цветы у Феодора Стратилата.
Пусть в ногах непокрытые Чистые лягут пруды.
«Кого хоронят?» — спросят выходящие из театра.
Отвечайте: «Цветы».
                     
Она так их любила, эти желтые одуванчики.
И не выдержит мама, когда застучит молоток.
крышкой прихлопнули, когда стали заколачивать,
как книжную закладку, белый цветок.                     

Прожила она тихо, и так ее тихо не стало...
На случайную почву случайное семя падет.
И случайный поэт в честь Марии Новопреставленной
свою дочь назовет...

",Мотив своего,неклассический,сложный,1975.0,ПОХОРОНЫ ЦВЕТОВ
"Помощь явная - тщеславная,
чтобы видела толпа.
Верх тщеславья - помощь тайная,
перед Богом похвальба.

",Мотив полета,не указан,простой,1980,...
"

Отплясывает при народе
с поклонником голым подруга.
Ликуй, порнография плоти!
Но есть порнография духа.

Докладчик порой на лектории,
в искусстве силен как стряпуха,
раскроет на аудитории
свою порнографию духа.

В Пикассо ему все не ясно,
Стравинский — безнравственность слуха.
Такого бы постеснялась
любая парижская шлюха.

Когда танцовщицу раздели,
стыжусь за пославших ее.
Когда мой собрат по панели,
стыжусь за него самое.

Подпольные миллионеры,
когда твоей родине худо,
являют в брильянтах и нерпах
свою порнографию духа.

Напишут чужою рукою
статейку за милого друга,
но подпись его под статьею
висит порнографией духа.

Когда на собрании в зале
неверного судят супруга,
желая интимных деталей,
ревет порнография духа.

Как вы вообще это смеете!
Как часто мы с вами пытаемся
взглянуть при общественном свете,
когда и двоим — это таинство...

Конечно, спать вместе не стоило б...
Но в скважине голый глаз
значительно непристойнее
того, что он видит у вас...

Клеймите стриптизы экранные,
венерам закутайте брюхо.
Но все-таки дух — это главное.
Долой порнографию духа!

",Мотив своего,неклассический,сложный,1974.0,ПОРНОГРАФИЯ ДУХА
,Длань,не указан,простой,,ПОРТРЕТ ПЛИСЕЦКОЙ
"

Мальчики с финками, девочки
                                       с фиксами,
две контролерши заснувшими
		сфинксами.

Я еду в этом тамбуре,
спасаясь от жары,
кругом гудят как в таборе
гитары и воры.

И как-то получилось,
что я читал стихи
между теней плечистых,
окурков, шелухи.

У них свои ремесла.
А я читаю им,
как девочка примерзла
к окошкам ледяным.

На черта им девчонка
и рифм ассортимент?
Таким, как эта — с челкой
и пудрой в сантиметр?!

Стоишь - черты спитые,
на блузке видит взгляд
всю дактилоскопию
малаховских ребят.

Чего ж ты плачешь бурно,
и, вся от слез светла,
мне шепчешь нецензурно
чистейшие слова?

И вдруг из электрички,
ошеломив вагон,
ты чище Беатриче
сбегаешь на перрон!

",Мотив своего,не указан,сложный,1958.0,ПОСЛЕДНЯЯ ЭЛЕКТРИЧКА
"

«Пост, христиане! Ни рыбы, ни мяса,
с пивом неясно...»
Рост различаю в духовных пространствах
постхристианства.

Постхристиане стоят под мостами Третьего Рима.
Дергает рыба, как будто щекой Мастрояни.
Те рыбаки с пастухами Евангелье сотворили.
Где ваша Книга, постхристиане?

«Наши Марии — беременные от Берии.
Стал весь народ — как Христос коллективный.
Мы, некрещеные дети Империи,
веру нащупываем от противного.

В танце зайдись, побледневшая бестия,
черная школьница!
Пальцы раздвинув, вскинешь двуперстие,
словно раскольница»,

Так, опоздавши на тысячу лет,
в темных пространствах
мучая душу, тычется свет
постхристианства.

",Душа,не указан,сложный,,Пост
"

I

В час осенний,
сквозь лес опавший,
осеняюще и опасно
в нас влетают, как семена,
чьи-то судьбы и имена.

Это Переселенье Душ.
В нас вторгаются чьи-то тени,
как в кадушках растут растенья...

В нервной клинике 300 душ.

Бывший зодчий вопит: «Я — Гойя».
Его шваброй на койку гонят.

А в ту вселился райсобес —
всем раздаст и ходит без...

А пацанка сидит в углу.
Что таит в себе - ни гугу.
У ней — зрачки киноактрисы
косят, как кисточки у рыси...

II

Той актрисе все опостылело,
как пустынна ее Потылиха!
Подойдет, улыбнуться силясь:
«Я в кого-то переселилась!
Разбежалась, как с бус стеклярус.
Потерялась я, потерялась!..»

Она ходит, сопоставляет,
нас, как стулья, переставляет.
И уставится из угла,
как пустынный костел, гулка.

Машинально она - жена.
Машинально она - жива.
Машинальны вокруг бутылки,
и ухмылки скользят обмылками.
Как украли ее лабазно!..

А ночами за лыжной базой
три костра она разожжет
и на снег крестом упадет

потрясенно и беспощадно
как посадочная площадка

пахнет жаром смолой лыжней
ждет лежит да снежок лизнет
самолет ушел — не догонишь

Ненайденыш мой, ненайденыш!
Потерять себя - не пустяк,
вся бежишь, как вода в горстях...

III

А вчера, столкнувшись в гостях,
я увижу, что ты — не ты,
сквозь проснувшиеся черты -
тревожно и радостно,
как птица, в лице твоем, как залетевшая
в фортку птица,
бьет пропавшая красота...

«Ну вот, - ты скажешь, - я и нашлась, кажется...
В новой ленте играю... В 2-х сериях...
Если только первую пробу, блин, не зарубят!..»

",Душа,не указан,сложный,1962.0,ПОТЕРЯННАЯ БАЛЛАДА
"

Он вышел в сад. Смеркался час. 
Усадьба в сумраке белела, 
смущая душу, словно часть 
незагорелая у тела.

А за самим особняком 
пристройка помнилась неясно. 
Он двери отворил пинком. 
Нашарил ключ и засмеялся.

За дверью матовой светло.
Тогда здесь спальня находилась. 
Она отставила шитье 
и ничему не удивилась.

",Душа,классический,простой,1972.0,ПОВЕСТЬ
"

Пожар в Архитектурном!
По залам, чертежам,
амнистией по тюрьмам —
пожар! Пожар!

По сонному фасаду
бесстыже, озорно
гориллой
	краснозадою
взвивается окно!

А мы уже дипломники,
нам защищать пора.
Трещат в шкафу под пломбами
мои выговора!

Ватман — как подраненный,
красный листопад.
Горят мои подрамники,
города горят.

Бутылью керосиновой
взвилось пять лет и зим...
Кариночка Красильникова,
ой! Горим!

Прощай, архитектура!
Пылайте широко,
коровники в амурах,
райклубы в рококо!

О, юность, феникс, дурочка,
весь в пламени диплом!
Ты машешь красной юбочкой
и дразнишь язычком.

Прощай, пора окраин!
Жизнь — смена пепелищ.
Мы все перегораем.
Живешь — горишь.

А завтра, в палец чиркнувши,
вонзится злей пчелы
иголочка от циркуля
из горсточки золы...

...Все выгорело начисто.
Милиции полно.
Все — кончено!
Все — начато!
Айда в кино!

",Прощение,неклассический,простой,1957.0,ПОЖАР В АРХИТЕКТУРНОМ ИНСТИТУТЕ
"

Уважьте пальцы пирогом,
в солонку курицу макая,
но умоляю об одном —
не трожьте музыку руками!

Нашарьте огурец со дна
и стан справасидящей дамы,
даже под током провода —
но музыку нельзя руками.

Она с душою наравне.
Берите трешницы с рублями,
но даже вымытыми не
хватайте музыку руками.

И прогрессист, и супостат,
мы материалисты с вами,
но музыка — иной субстант,
где не губами, а устами...

Руками ешьте даже суп,
но с музыкой — беда такая!
Чтоб вам не оторвало рук,
не трожьте музыку руками.

",Длань,неклассический,сложный,1971.0,ПРАВИЛА ПОВЕДЕНИЯ ЗА СТОЛОМ
"

«Сестрица моя в женском вытрезвителе!
О бидели...»

Как при водолюбце Владимире Крестителе,
бабья революция воет в вытрезвителе.
Что там пририсовано на стене «Трем витязям»?
Полная свобода в вытрезвителе.

«Дома норму выдайте,
на работе выдайте,
только в вытрезвителе свобода от бытия...
Муж придет, как выдоен.
Я не меньше выдую.
Станем себе сами братья и мужья».

«Я тебя, сестричка, полюбила в хмеле.
Мы с тобой прозрели в ледяной купели.
Давай жить нарядно, словно две наяды,
купим нам фиалки,
поступим в институт.
Фабричные фискалки от зависти помрут».

«Русь, куда несешься ты, дай ответ?»
«Я рванула сослепу на красный свет».

«Бабоньки, завязываю! Слушайте таксистку.
Этак жить — тощища. На смех гаражу!

Чтобы в рот взяла я?
эту дрянь?

Спасибо.
Я хочу быть женщиной.
Мальчика рожу».

И сразу стало слышно каждое дыханье.
В белой палате — такая тишина!

Ведь в каждой спит мадонна,
светла и осиянна,
словно тронул души кистью Тициан.

Завтра они выйдут на Преображенскую.
И у каждой будет Чудо на руках.
Будет, будет мальчик.
Будет счастье женское.
Даже если будет все не так.

",Молитва,не указан,простой,1973,ПРЕОБРАЖЕНИЕ
"Приди! Чтоб снова снег слепил,
чтобы желтела на опушке,
как александровский ампир,
твоя дубленочка с опушкой.

",Снег,неклассический,сложный,1972.0,...
"

Твои вздохи нечисты,
у тебя в душе глисты.
Меня трижды продал ты. 
Твоей мукою унылой
окисляются кресты.
Похристосуемся, милый.
Прости.

",Прощение,не указан,простой,1990.0,ПРИЯТЕЛЮ
"Проглядев Есенина, упустивши Пушкина,
думаю, что люди создать должны
«Общество охраны памятников будущего»
параллельно с Обществом старины.

",Прошедшее,не указан,сложный,1980,...
"Проходишь ты без попутчика,
подняв воротник двубортный,
как клочок неба в тучах
обиженно-голубого.

Ты не попала в раму.
Только вздохнешь глубоко.
Скроется за углами
обиженное голубое.

Сдуло тебя ветрами.
Осталась кому угодно
невзятая телеграмма
поспешного голубого.

Обманутая погода!
Плацкарта до Бологого.
Не пойманное позолотой
свободное голубое.

",Небо,не указан,сложный,1980,...
"

Все на свете русские бревна,
что на избы венцовые шли,
были по три сажени — ровно
миллионная доля Земли.

Непонятно, чего это ради
мужик в Вологде и Твери
чуял сердцем мильонную радиуса
необъятно всеобщей Земли?

И кремлевский собор Благовещенья,
и жемчужина на Нерли
сохраняли — мужчина и женщина —
две мильонные доли Земли.

И как брат их березовых родин,
гениален на тот же размер,
Парфенона дорический ордер
в высоту шесть саженей имел.

Научитесь у них, умиленно-
пасторальные кустари,
соразмерности с миллионной
человечески общей Земли.

Ломоносовскому проспекту
не для моды ведь зодчий Москвы
те шестьсот тридцать семь сантиметров
дал как модуль красы и любви.

Дай, судьба, мне нелегкую долю —
испытанья любые пошли —
болью быть и мильонною долей
и моей и всеобщей Земли.

",Сохранять и покидать,не указан,сложный,1983.0,Пропорции
"

Театр отдался балдежу.
Толпа ломает стены.
Но я со сцены ухожу.
Я ухожу со сцены.

Я, микрофонный человек,
я вам пою век целый.
Меня зовут — XX век.
Я ухожу со сцены.

Со мной уходят города
и стереосистемы,
грех опыта цвета стыда,
науки «нота бене»,
и одиночества орда —
вы все уходите туда —
и в микрофонные года
уходит сцена.

На ней и в годы духоты
сквозило переменой.
Вожди вопили: «Уходи!»
Я выходил на сцену.

Я не был для нее рожден.
Необъяснима логика.
Но дышит рядом стадион,
как выносные легкие.

Мы на единственной в стране
площадке без цензуры
смысл музыки влагали в не-
цензурные мишуры.

Звучит сейчас везде она.
Пой, птица, без решеток!
Скучна
мне сцена разрешенных.

К тебе приду еще не раз —
уткнусь в твои колена.
Нам невозможно жить без нас!
Я ухожу со сцены.

Люблю твоих конструкций ржу,
как лапы у сирены.
Но я со сценой ухожу,
я ухожу со сценой.

Мчим к голографий рубежу.
Там сцены нет, что ценно.
Но я со сценой ухожу,
я ухожу со сценой.

Благодарю, что жизнь дала,
и обняла со всеми,
и подсадила на крыла.
Они зовутся Время.

Но в новых снах, где ночь и Бог,
мне будет сцена сниться —
как с черной точкою желток,
который станет птицей.

",Сохранять и покидать,неклассический,простой,1980.0,Прощание с микрофоном
"
	С ПОЛИТЕХНИЧЕСКИМ

 Большой аудитории посвящаю

В Политехнический!
В Политехнический!
По снегу фары шипят яичницей.
Милиционеры свистят панически.
Кому там хнычется?!
В Политехнический!

Ура, студенческая шарага!
А ну, шарахни
по совмещанам свои затрещины!
Как нам мещане мешали встретиться!

Ура вам, дура
в серьгах-будильниках!
Ваш рот, как дуло,
разинут бдительно.
Ваш стул трещит от перегрева.
Умойтесь! Туалет — налево.

Ура, галерка! Как шашлыки,
дымятся джемперы, пиджаки.
Тысячерукий, как бог языческий,
Твое Величество —
		  Политехнический!

Ура, эстрада! Но гасят бра.
И что-то траурно звучит «Ура».
12 скоро. Пора уматывать.
Как ваши лица струятся матово.
В них проступают, как сквозь экраны,
все ваши радости, досады, раны.

Вы, третья с краю,
с копной на лбу,
я вас не знаю.
	      Я вас — люблю!

Чему смеетесь? над чем всплакнете?
и что черкнете, косясь, в блокнотик?
что с вами, синий свитерок?
в глазах тревожный ветерок...

Придут другие — еще лиричнее,
но это будут не вы —
		     другие.
Мои ботинки черны, как гири.
Мы расстаемся, Политехнический!

Нам жить не долго. Суть не в овациях.
Мы растворяемся в людских количествах
в твоих просторах,
		  Политехнический.
Невыносимо нам расставаться.

Ты на кого-то меня сменяешь,
но, понимаешь,
пообещай мне, не будь чудовищем,
забудь
	со стоющим!

Ты ворожи ему, храни разиню.
Политехнический —
		 моя Россия! —
ты очень бережен и добр, как бог,
лишь Маяковского не уберег.

Поэты падают,
дают финты
меж сплетен, патоки
и суеты,
но где б я ни бил — в земле, на Ганге
ко мне прислушивается
		     магически
гудящей
	раковиною
		 гиганта
ухо
Политехнического!

",Фигура поэта,не указан,простой,1962,"ПРОЩАНИЕ
С ПОЛИТЕХНИЧЕСКИМ"
"

I
Пронеслась Россия с гулом.
Как в туннель, народ мелькнул.
Русская литература
называют этот гул.

Кто вливает виски в тюрю,
кто бежит к зарубежу.
В русскую литературу,
как в тревогу, ухожу.

Я отвечу на «ату его!»,
но не вам, тов. господа.
Русская литература,
ты — преддверье Господа.

Ты, в которой вместо текста
черно-белый шрифт берез,
ты, которая естественно
совесть повестью зовешь...

Ежели свобода-дура
в нас осуществит сполна
геноцид литературы —
то свобода ли она?

II
Что такое книга? Трудно
вам вообразить уже.
Телик с титрами? Но трубка
подключается к душе?

Что такое книга? Или
отработанный прием?
или генофонд России,
притворившийся шрифтом?

По тебе гадаю, книга,
ты дрожишь в моих руках -
безголовая, как Ника
о двух крохотных крылах.

А какая тайна чтенья,
вдвоем, в сквере где-нибудь!
От плеча идет волненье:
«Можно ли перевернуть?»

Так тысячелетье длится
наше чтенье сообща.
Превращаются в страницы
два прижатые плеча.

III
Ты не только слезы Лизы
среди кризиса бумаг,
ты — ломоть идеализма,
территория в умах.

И какую форму примут
без тебя наши дворы
и беременный периметр
Вифлеемовой горы?

«Что такое Дух?» - расстроясь
врубит гид по телетуру.
— А куда мы сдали совесть?
— В русскую литературу.

",Поле,не указан,сложный,1980,ПРОЩАНИЕ С КНИГОЙ
"

Прости мне, Юстинас, дайны
погибшие, мертвую воду
и протоколы тайные
39-го года.

Прости мне продажу пиррову
этих людей и бора,
нас тот же вождь оккупировал,
стреляя без протокола.

Прости мне невозместимость
краев — твоего, моего.
Тебе все яснее, Юстинас.
А мне-то спросить с кого?

",Прощение,не указан,сложный,1988,...
"Просто — наше шоссе и шиповник.
Дождь из облачка невпопад.
Как подошвы чьих-то шиповок,
лужи гвоздиками торчат.

Я всему говорю спасибо —
непосильного счастья боль,
непосильное небо синее,
непосильна земная соль.

",Небо,не указан,сложный,1987.0,...
"

Третий месяц ее хохот нарочит,
третий месяц по ночам она кричит.
А над нею, как сиянье, голося,
вечерами
	разражаются
		      Глаза!
Пол-лица ошеломленное стекло
вертикальными озерами зажгло.

...Ты худеешь. Ты не ходишь на завод,
ты их слушаешь, как лунный садовод,
жизнь и боль твоя, как влага к облакам,
поднимается к наполненным зрачкам.

Говоришь: «Невыносима синева!
И разламывает голова!
Кто-то хищный и торжественно-чужой
свет зажег и поселился на постой...»

Ты грустишь — хохочут очи, как маньяк.
Говоришь — они к аварии манят.
Вместо слез —
иллюминированный взгляд.
«Симулирует», — соседи говорят.

Ходят люди, как глухие этажи.
Над одной горят глаза, как витражи.

Сотни женщин их носили до тебя,
сколько муки накопили для тебя!
Раз в столетие
	        касается
		       людей
это Противостояние Очей!..

...Возле моря отрешенно и отчаянно
бродит женщина, беременна очами.

Я под ними не бродил,
за них жизнью заплатил.

",Фигура женщины,не указан,сложный,1961.0,ПРОТИВОСТОЯНИЕ ОЧЕЙ
"

Ты служишь проводницей в поезде,
разносишь чай или буфет.
На платье темное — от пояса
передник беленький надет.

И в этом стираном переднике —
как будто церковь из воды —
есть отражение неведомой
и затонувшей чистоты.

Судьба тебя несет по свету
меж пьяных и ночных забот.
Давно, что отражалось, нету.
Но отражение живет.

Когда-нибудь проезжий деятель
Покров увидит на Нерли.
Поймет, чему он был свидетель...
Тебя составы унесли.

",Фигура поэта,не указан,сложный,1980,ПРОВОДНИЦА
"

Ради тебя надрываюсь на радио —
вдруг Ты услышишь, на службу идя.
Я в этой жизни живу Тебя ради,
ради Тебя.
Я тренажеры кручу Тебя ради,
на пустом месте педали крутя.
В жизни, похоже, я кем-то украден.
И надо мною кружат ястреба.
Между убийцами выбор и пройдами.
Не ради «зелени» и тряпья,
не для народа я пел, не для Родины —
ради Тебя, ради Тебя.
Точно на диске для радиолы
дактилоскопическая резьба —
без Твоих пальчиков мне одиноко!
Приди ради Бога, ради Тебя.
Не в Петербурге, не в Ленинграде —
в небе над Невским мы жили с Тобой.
Третий глаз в лоб мне ввинтишь Тебя ради
антикокардой. Это любовь.
В моих фантазиях мало доблести,
жизнь виртуальную торопя,
я отучаю Тебя от комплексов
ради Тебя, ради Тебя.
Пусть пародийны мои парадигмы.
Но завтра сбудется трепотня.
Если умру я, повторно роди меня —
роди ради Бога, ради Тебя.

",Прошедшее,не указан,сложный,2004.0,РАДИ ТЕБЯ
"

Распусти волосы, что тебе срезали,
				  распустись полностью,
распустись в вольности, запусти классику,
				    запусти «Волосы»,
отпусти волосы до грибной Вологды,
				  босиком по лесу,
где их мать расчесывала Гребенщиковым, —
до волны новой голосов войсовых -
распусти волосы.

От луны полосы. До звезды Сириус
			     распусти волосы,
свей гнездо, ласточка, говорю serious,
			     свей гнездо, swallow.
Опусти занавес над былой пропастью.
			      Ты в таком возрасте —
отрастут заново... Прекрати возгласы.
Проплыви шабаши в душевой шапочке,
распусти волосы.

Мужики сволочи, лишь хлюсты холосты,
			    а одной холодно,
пусть кричат мальчики, в жажде «вольв» бросовых:
«Королева - голая!»
Не они слышали, в шалаше шелковом
			    твоего хвороста,
как шуршат шепотно, как трещат фосфорно —
хоть электрифицируйте
пол-Московской области!

Над своим извергом, в майке «Мегаполиса»,
чтоб заснул вскорости, свет зашторь полностью,
а с утра внаглую по его просьбе
остригись наголо. И сожги волосы.

Отпусти, Господи, ей грехи молодости!
И прости волосы.

",Прощение,не указан,сложный,1991.0,РАСПУСТИ ВОЛОСЫ
"


Ты топчешь сапожками пальто.
Ты не похожа на бешеную кошку.
Ты не похожа ни на что.

Твоя нежность не похожа на
нежность.
Ты швыряешь чашки на пол, на стол.
Ты не похожа на безрукую Венеру.
Ты не похожа ни на что!

За это без укоризны,
и несмотря на то,
зову тебя своей жизнью.
Все не похоже ни на что.

Брат не похож на брата,
боль не похожа на боль.
Час отличается от часа.
Он отличается тобой.

Море ни на что не похоже.
Дождь не похож на решето.
Ты все продолжаешь? Боже!
Ты не похожа ни на что.

Ни на что не похожа тишина
свободы
Вода не похожа на горячую
кожу щек.

Полотенце не похоже
на стекающую
со щек воду.
И совсем не похож на неволю
накинутый на дверь крючок.

",Прощение,не указан,простой,1980,РАЗМОЛВКА
"

Бог наполнил Библию
страшными вещами,
варианты гибели
людям возвещая.

Это продолжалось
болью безответной —
беззаветной жалостью
Нового Завета.

Зависти реликтовые
после отзовутся
завистью религий,
войн и революций.

Вечностью застукана,
тлением оставлена,
вещая преступность
Ленина и Сталина.

",Сохранять и покидать,не указан,сложный,2008.0,РАЗНЫЕ КНИГИ
"

Смертны камень, и воздух,
и феномен человека.
Только текучий памятник
нельзя разложить и сжечь.
Не в пресловутую Лету —
впадаем, как будто в реку, —
в Речь.

Речь моя,
любовница и соплеменница,
какое у тебя протяжное
московское «а»!
Дай мне
стать единицей
твоего пространства и времени —
от Таганки
до песни,
где утонула княжна.

С этого «а»
начинается жизнь моя и тихий амок.
Мы живем в городе
под названьем Молва.
Сколько в песне
утоплено персиянок!..
«а-а-а»...

С твоим «а» на губах
между нынешними акулами
я проплываю
брассом
твою темную течь.
Дай мне
достоять от полуночи до Аввакума,
Речь!

Родился я в городе,
под которым Неглинка льется.
Я с детства слушал
подземный хор,
где подавал мне реплику суфлер —
из люка
канализационного колодца.

Избегаю понятия «литература»,
но за дар твоей речи
отдал голову с плеч.
Я кому-то придурок,
но почувствовал шкурой,
как двадцатый мой век
на глазах
превращается
в Речь.

Его темное слово,
пока лирики телятся,
я сказал по разуму своему
на языке сегодняшней
русской интеллигенции,
перед тем как вечностью
стать ему.

И ни меч, ни червь
не достанут впадающих в Лету,
тех, кто смог твоим «а»,
словно яблочком,
губы обжечь.
Благодарю, что случился
твоим кратким поэтом,
моя русская Речь!

",Молитва,не указан,сложный,1980.0,РЕЧЬ
"

Обнаглели духовные громилы!
На фургон с Цветаевой совершен налет.
Дали кляп шоферу — чтоб не декламировал.
Драгоценным рифмам настает черед.

Значит, наступают времена Петрарки,
когда в масках грабящие мужи
кареты перетряхивали за стихов тетрадки.
Масскультурники вынули ножи.

Значит, настало время воспеть Лауру
и ждать —
	придет в пурпурном
			 подводном шлеме Дант.
У бандитов тоже есть дни культуры.
Угнал вагон Высоцкого какой-то дебютант.

Запирайте тиражи,
скоро будут грабежи!..
«Граждане,
	давайте воровать и спекулировать,
и из нас появится Франсуа Вийон!
Он издаст трагичную „Избранную лирику“.
Мы ее своруем и боданем».

Одному поэту проломили череп,
вытащили песни лесных полян,
и его застенчивый щегловый щебет
гонит беззастенчивый спекулянт.

А другой сам продал голос свой таранный.
Он теперь без голоса — лишь хлюп из гланд.
Спекулянт бывает порой талантлив.
Но талант не может быть спекулянт.

Но если быть серьезным — Время ждет таланта.
Пригубляйте чашу с молодым вином.
Тьма аквалангистов, но нету Данта.
Кое-кто ворует —
		но где Вийон?

",Молитва,не указан,сложный,1982.0,"Редкие кражи
"
"

Полюбите пианиста!
Хоть он с виду неказистый
и умеет плавать, как топор.
Не спешите разрыдаться —
жизнь полна импровизаций.
Гениальным может быть тапёр.

Чёрный клавиш — белый клавиш.
Всё, что было, не поправишь.
Он ещё не Рихтер и не Лист.
Полюбите пианиста!
«Быстро. Быстро. Очень быстро» —
современной музыки девиз.
Но однажды вдруг возникла
чемпионка мотоцикла —
забежала в зал без всяких дел.
И сказала: «Завтра ралли.
Догоните на рояле!»
И рояль за нею полетел.

И взлетел он на рояле,
нажимая на педали.
У рояля есть одно крыло.
Все машины поотстали.
Стал он чемпионом ралли,
хоть в рояле тысяча кило.
Полюбите пианиста,
закажите «Вальс-мефисто»
и летайте ночи напролёт.
Не спешите изумляться,
жизнь полна импровизаций,
с ним в оркестре гонщица поёт.

",Мотив белого,не указан,простой,1983.0,РЕГТАЙМ
"Реквием


Есть такой человечий обычай —
в память воинов, в море погибших,
возлагают на море венки.

Здесь, ныряя, нашли рыбаки
десять тысяч стоящих скелетов,
ни имен, ни причин не поведав,
запрокинувших головы к свету,
они тянутся к нам, глубоки.
Возложите на море венки.

Чуть качаются их позвонки,
кандалами прикованы к кладбищу,
безымянные страшные ландыши.
Возложите на море венки.

На одном, как ведро, сапоги,
на другом — на груди амулетка.
Вдовам их не помогут звонки.
Затопили их вместо расстрела,
души их, покидавшие тело,
по воде оставляли круги.
Возложите на море венки
под свирель, барабан и сирены.
Из жасмина, из роз, из сирени
возложите на море венки.

Возложите на землю венки.
В ней лежат молодые мужчины.
Из сирени, из роз, из жасмина
возложите живые венки.

Заплетите земные цветы
над землею сгоревшим пилотам.
С ними пили вы перед полетом.
Возложите на небо венки.

Пусть стоят они в небе, видны,
презирая закон притяженья,
говоря поколеньям пришедшим:
«Кто живой — возложите венки».

Возложите на Время венки,
в этом вечном огне мы сгорели.
Из жасмина, из белой сирени
на огонь возложите венки.

И на ложь возложите венки,
мы в ней гибнем, товарищ, с тобою.
Возложите венки на Свободу.
Пусть живет. Возложите венки.

",Морская,не указан,сложный,1975.0,Реквием
"

За упокой Высоцкого Владимира
коленопреклоненная Москва,
разгладивши битловки, заводила
его потусторонние слова.

Владимир умер в 2 часа.
И бездыханно
стояли полные глаза,
как два стакана.

А над губой росли
усы пустой утехой,
резинкой врезались трусы,
разит аптекой.

Спи, шансонье Всея Руси,
отпетый.
Ушел твой ангел в небеси
обедать.

Володька,
если горлом кровь,
Володька,
когда от умных докторов
воротит,
а баба, русый журавель,
в отлете,
орет за тридевять земель:
«Володя!»
Ты шел закатною Москвой,
как богомаз мастеровой,
чуть выпив,
шел популярней, чем Пеле,
с беспечной челкой на челе,
носил гитару на плече,
как пару нимбов.
(Один для матери — большой,
золотенький,
под ним для мальчика — меньшой...)
Володя!..
За этот голос с хрипотцой,
дрожь сводит,
отравленная хлеб-соль
мелодий,
купил в валютке шарф цветной,
да не походишь.
Спи, русской песни крепостной —
свободен.

О златоустом блатаре
рыдай, Россия!
Какое время на дворе —
таков мессия.
А в Склифосовке филиал
Евангелия.
И Воскрешающий сказал:
«Закрыть едальники!»

Твоею песенкой ревя
под маскою,
врачи произвели реа-
нимацию.

Ввернули серые твои,
как в новоселье.
Сказали: «Топай. Чти ГАИ.
Пой веселее».
Вернулась снова жизнь в тебя.
И ты, отудобев,
нам говоришь: «Вы все — туда.
А я — оттуда!..»

Гремите, оркестры,
Козыри — крести.
Высоцкий воскресе.
Воистину воскресе!


",Сон,неклассический,сложный,1971.0,РЕКВИЕМ ОПТИМИСТИЧЕСКИЙ
"

Рок надо мною. Куда меня гоните?
По раскладушкам мечусь, как изгой.
Горе, как погреб, в любой раскрывается комнате.
Ров подо мною — рок надо мной.

Что я хотел? Чтобы жить, как манило.
Что получил я? Счет гробовой.
Под колыбелью раскрылась могила.
Ров подо мною — рок надо мной.

Это расплата космического расклада.
Всем, кого любишь, оказываешься бедой.
Как я любил переделкинские пенаты!
Смыло щепой.

А в небесах ненасытным уроком
воет душа,
что в сердцах самовольно нажала курок.
Рок над семьею, откуда я родом.
И над землей, где семья моя, — рок.

Чем я служил в эти светлые годы,
кроме стихов, что попутно изрек?
Я для народа домашнего был тайным громоотводом.
Трещит позвоночник. Такой уже рок.

",Любовная,не указан,простой,1983.0,Рок
"

Не трожь человека, деревце,
костра в нем не разводи.
И так в нем такое делается —
боже, не приведи!

Не бей человека, птица,
еще не открыт отстрел.
Круги твои —
ниже,
тише.
Неведомое — острей.

Неопытен друг двуногий.
Вы, белка и колонок,
снимите силки с дороги,
чтоб душу не наколол.

Не браконьерствуй, прошлое.
Он в этом не виноват.
Не надо, вольная рощица,
к домам его ревновать.

Такая стоишь тенистая,
с начесами до бровей —
травили его, освистывали,
ты-то хоть не убей!

Отдай ему в воскресение
все ягоды и грибы,
пожалуй ему спасение,
спасением погуби.

",Душа,неклассический,сложный,1968.0,РОЩА
"

Пробегаю по каменьям,
и летает по пятам
поэт в первом поколенье —
мой любимый адъютант.

Честность в первом поколенье,
за душою ни рубля.
Самородки, селф-мейд-мены
сами делают себя.

Их шлифуют педсистемы,
благолепие любя.
Поколенья селф-мейд-менов
сами делают себя.

Есть у Музы подвиг страдный,
и посты монастыря,
и преступная эстрада —
как гулящая сестра!

Совесть в первом поколенье 
и опасная судьба —
разоряя озареньем,
рождать заново себя.

Как обкуренную трубку,
иль подругу отлюбя,
джинсы, сшитые из Врубеля,
подарю после себя.

Волю в первом поколенье,
на швах вытертый талант,
но не стертый на коленях.
будь мужчиной, адьютант!

Не ослушайся приказа:
тело может сбить с лыжни.
Уходя, как ключ, два раза
во мне ножик поверни.


",Фигура поэта,неклассический,сложный,1975.0,РОССИЙСКИЕ СЕЛФ-МЕЙД-МЕНЫ
"

В России нет очередей.
Народ добился, чародей.
А может, это не Россия?
Одни машины за бензином.
Иль нет в Отечестве людей,
чтоб постоять за апельсинами,
за сникерсами из резины?!
К Зосиме нет очередей,
засим преступник он, Зосима.
Один стою в ряду осинок.
Идеи нет в тоске полей,
идеи нет в шоссе
трассирующем,
идеи нет в жилых массивах...
А вдруг и правда не Россия?
В посольства очередь за ксивой.
В Россию нет очередей.

",Поле,не указан,простой,1992.0,РОССИЯ БЕЗ ОЧЕРЕДЕЙ
,Длань,не указан,простой,1994,...
"

Людмила, в Сочельник,
Людмила, Людмила,
в вагоне зажженная елочка пляшет.
Мы выйдем у Взморья.
Оно нелюдимо.
В снегу наши пляжи!

В снегу наше лето.
Боюсь провалиться.
Под снегом шуршат наши тени песчаные.
Как если бы гипсом
криминалисты
следы опечатали.

В снегу наши августы, жар босоножек —
все лажа!
Как жрут англичане огонь и мороженое,
мы бросимся навзничь
на снежные пляжи.

Сто раз хоронили нас мудро и матерно,
мы вас «эпатируем счастьем», мудилы!..
Когда же ты встанешь,
останется вмятина —
в снегу во весь рост
отпечаток Людмилы.

Людмила,
с тех пор в моей спутанной жизни
звенит пустота —
в форме шеи с плечами,
и две пустоты -
как ладони оттиснуты,
и тянет и тянет, как тяга печная!

С звездою во лбу прибегала ты осенью
в промокшей штормовке.
Вода западала в надбровную оспинку.
(Наверно, песчинка прилипла к формовке.)

Людмила-ау! я помолвлен с двойняшками.
Не плачь. Не в Путивле.
Как рядом болишь ты,
подушку обмявши,
и тень жалюзи
на тебе,
как тельняшка...

Как будто тебя
от меня ампутировали.

",Снег,не указан,простой,1968.0,РОЖДЕСТВЕНСКИЕ ПЛЯЖИ
"

Приедешь бледная, совсем не пьяная,
моя сердечная диссидентка,
глаза туманные, звезда обманная,
Непонимание. Misunderstanding.

А там за стенкою Москва времянная.
Misunderstanding. Непонимание.
Умчишь в Германию. И там без денег —
непонимание, misunderstanding.

Не понимают тебя соседи.
Не понимают друзья и родичи.
Пришло сердечное диссидентство,
сменив политику на эротику.

Уму понятно, но сердце мается.
Ты вечно ставишь не то в кассетник.
Играешь в шахматы на волейбольной сетке
и улетаешь в непонимание.

Не водки просишь — вина десертного,
а то Бергсона в наш мат вмонтируешь —
всех твоя лексика ненормативная
возмущает. Misunderstanding.

Живешь с включенным кондиционером.
В отпаде денди наши романные.
Непониманье — канцерогенно,
пойми, смертельно непонимание.

Стерилизуйте еду и ванную!
Мойте руки после аплодисментов!
Свеча заздравная поминальную
не понимает.
Misunderstanding.

Какою музыкой невменяема,
в черных наушниках прически стерео,
жила Наталия Николаевна?
Непониманье. Misunderstanding.

И не всеобщая клептомания
меня волнует, не курсы стерлингов.
А абсолютное непонимание,
наша нормальная Орестея.

Но ты не можешь же быть нормальною?!
Проснись, как прежняя, без истерик,
стань, моя мания — Мисс Понимание,
Miss Understanding!

",Фигура поэта,не указан,простой,1993.0,РУССКАЯ ПЕСНЯ
,Поле,не указан,простой,,РУССКАЯ PLAYMATE
"

Не пуля, так сплетня
их в гроб уложила,
не с песней, а с петлей
их горло дружило.

И пули свистали,
как в дыры кларнетов,
в пробитые головы
лучших поэтов.

Их свищут метели.
Их пленумы судят.
Но есть Прометеи.
И пленных не будет.

Несется в поверья
верстак под Москвой.
А я подмастерье
в его мастерской.

Свищу как попало,
и так и сяк.
Лиха беда начало.
Велик верстак.

",Фигура поэта,не указан,простой,1957.0,РУССКИЕ ПОЭТЫ
"

И в моей стране, и в твоей стране
до рассвета спят — не спиной к спине.

И одна луна, золота вдвойне,
И в моей стране, и в твоей стране.

И в одной цене — ни за что, за так,
для тебя — восход, для меня — закат.

И предутренний холодок в окне
не в твоей вине, не в моей вине.

И в твоем вранье, и в моем вранье
есть любовь и боль по родной стране.

Идиотов бы поубрать вдвойне —
и в твоей стране, и в моей стране.


",Территориальная,неклассический,сложный,1977.0,РУССКО-АМЕРИКАНСКИЙ РОМАНС
"С Черемушкинского рынка
в Москву прилетает весна,
Ходынка!
В сугробах страна.

Но женщина в красной косынке
одела в аэропорту
бутоны тюльпанов в резинки,
чтоб предохранить красоту.

",Территориальная,не указан,сложный,1980,...
"

С иными мирами связывая,
глядят глазами отцов
дети —
 
широкоглазые
перископы мертвецов.

",Длань,неклассический,сложный,1975.0,...
,Прощение,не указан,простой,,...
"

Ты меня на рассвете разбудишь,
проводить необутая выйдешь.
Ты меня никогда не забудешь.
Ты меня никогда не увидишь.

Заслонивши тебя от простуды,
я подумаю: «Боже всевышний!
Я тебя никогда не забуду.
Я тебя никогда не увижу».

Эту воду в мурашках запруды,
это Адмиралтейство и Биржу
я уже никогда не забуду
и уже никогда не увижу.

Не мигают, слезятся от ветра
безнадежные карие вишни.
Возвращаться — плохая примета.
Я тебя никогда не увижу.

Даже если на землю вернемся
мы вторично, согласно Гафизу,
мы, конечно, с тобой разминемся.
Я тебя никогда не увижу.

И окажется так минимальным
наше непониманье с тобою
перед будущим непониманьем
двух живых с пустотой неживою.

И качнется бессмысленной высью
пара фраз, залетевших отсюда:
«Я тебя никогда не забуду.
Я тебя никогда не увижу».

",Сохранять и покидать,неклассический,сложный,1977.0,Сага
"

В охру женщину макайте,
красьте ею луг Винсента!
Вон она — на самокате мчит,
похожа на проценты.

Маленькие камикадзе
между трейлеров с прицепом
проскользнут на самокате —
на колесиках процентов.

Вслед, отталкиваясь пяткой,
спятивший Мафусаил,
как лакеи на запятках,
на работу укатил.

Мчатся (вряд ли на работу)
члены русского Пен-центра
на свободу! на свободу!
на колесиках процентов.

Пузо, груженное бюстом,
самокатик, уноси,
как несут кочан капусты
электронные весы.

И не рассчитав удара,
толстомордик из качков
проскользит по тротуару
на колесиках очков.

От Малаховки до Мальты
роликам грозит закат.
Поколение асфальта
выбирает самокат.

Мир пузырится, как тоник.
Ты паришь, как на катке,
одноногий аистёнок,
стоя на прямой ноге.

Значит, не было ошибкой
наше детство нестерильное —
из доски и двух подшипников
мы идею мастерили.

Это кайф беспрецедентный,
знают взрослые и дети —
на колесиках процентов
пролететь через столетья.

— Куда мчишься, самокат?
— В Самарканд!

",Фигура женщины,не указан,сложный,2000.0,САМОКАТЫ
"

Сан-Франциско — это Коломенское.
Это свет посреди холма.
Высота, как глоток колодезный,
холодна.

Я люблю тебя, Сан-Франциско;
испаряются надо мной
перепончатые фронтисписы,
переполненные высотой.

Вечерами кубы парившие
наполняются голубым,
как просвечивающие курильщики
тянут красный, тревожный дым.

Это вырезанное из неба
и приколотое к мостам
угрызение за измену
моим юношеским мечтам.

Моя юность архитектурная,
прикурю об огни твои,
сжавши губы на высшем уровне,
побледневшие от любви.

Как обувка возле отеля,
лимузины столпились в ряд,
будто ангелы отлетели,
лишь галоши от них стоят.

Мы — не ангелы. Черт акцизный
шлепнул визу — и хоть бы хны...
Ты вздохни по мне, Сан-Франциско.
Ты, Коломенское,
вздохни...

",Небо,не указан,сложный,1966.0,САН-ФРАНЦИСКО - КОЛОМЕНСКОЕ...
,Стремление,не указан,простой,,СЕКС-КОНТРЫ
"

В день рожденья подарили
мне заморский дылбушир.
Сальвадорье. Семидырье.
Трех вакханок черных дыр.

Что пророчат их проделки?
Чтобы вновь башку разбил?
Кабинет мой в Переделкино
свищет сквозняками дыр.

В каждой женщине — семь дыр:
уши, ноздри, рот и др.
Но иного счастья для
есть девятая дыра.

Автор в огненном тюрбане
продуцирует стриптиз —
гениальный Мастурбатор?
Фиолетовый флейтист?

Праздник — шумная ходынка.
Но душа заштопана;
закупоренная дырка.
Кто бежит за штопором?

Ищет рай душа Яндырова,
потеряв ориентир.
Что в подарок мне вкодировал
гений, прародитель дыр?

Сбросьте иго истеричек!
Дар — возможность стать собой.
Супернеэгоцентричность —
быть дырой.

Радырадырадыра —
возрождаемся, даря.

Сталин — Дали семинарий.
Что же, Господи, нам делать?!
И какое семидарье
жить с звездою No 9!

",Душа,неклассический,простой,2004.0,СЕМИДЫРЬЕ
"

Загривок сохатый, как карагач —
невесткин хахаль,
снохач, снохач!..

Он шубу справил ей в ту весну.
Он сына сплавил на Колыму.
Он ночью стучит черпаком по бадье.
И лампами
капли
висят в бороде!

(Огромная осень, стара и юна,
в неистово-синем сиянье окна.)

А утром он в чайной подсядет ко мне,
дыша перегаром,
как листья в окне,
и скажет мне:
«Что ж я? Художник, утешь.
Мне страшно, художник!.. Я сыну - отец...»

И слезы стоят, как стакан первача,
в неистово синих глазах снохача.

",Сон,не указан,сложный,1958.0,СЕНТЯБРЬ
"

Сестра, ты в «Лесном магазине»
выстояла изюбрину,
тиха, как в монастыре.
Любовницы становятся сестрами,
но сестры не бывают возлюбленными.
Жизнь мою опережает
лунная любовь к сестре.
Дело не во Фрейде или Данте.
Ради родителей, мужа, брата, еtс,
забыла сероглазые свои таланты
преступная моя сестра.

Твой упрямый лобик
написал бы Кранах,
только облачко укоризны
неуловимо для мастерства,
да и руки красные
от водопроводных кранов —
святая моя сестра!

Что за дальний свет состраданья,
обретая на срок земной
человеческие очертанья,
стал сестрой?..

Жила-была девочка.
Ее рост — на шкафу зарубками.
Кто сказал,
что не труженица
лобастая стрекоза?

Маешься на две ставки,
стираешь, шьешь,
не воруешь,
бесстрашная моя сестра.

Для других ты — доктор.
И когда уверенно
надеваешь с короткими рукавами халат —
будто напяливаешь
безголово-безрукую Венеру.
Я с ужасом замечаю,
что торс тебе тесноват...

Ссорясь с подругой и веком
или сойдя с катушек,
когда я на острие —
скажу: «Поставь раскладушку» —
вздохнувшей моей сестре.

Сестра моя, как ты намучилась,
таща авоськи с морковью!..
Метромост над тобой грохочет
как чугунный топот
Петра.
А рядом — за стенкой,
за Истрою, за Москвою
страна живет, как сестра.

Сестра твоя по страданию,
по божеству родства,
по терпеливой тайне —
бескрайняя твоя сестра...

Сестра моя, не заболела?
Сестра моя, поспала бы...
В зимние вечера
над шитьем сутулятся
две русых настольных лампы.
Одна из них — моя сестра.

",Мотив своего,не указан,сложный,1982.0,Сестра
"

На свадебном свальном пиру,
бренча номерными ключами,
я музыку подберу.
Получится слово: печально.

Сосед, в тебе все сметено
отчаянно-чудным значеньем.
Ты счастлив до дьявола, но
слагается слово: плачевно.

Допрыгался, дорогой.
Наяривай вина и закусь.
Вчера, познакомясь с четой,
ты был им свидетелем в загсе.

Она влюблена, влюблена
и пахнет жасминною кожей.
Чужая невеста, жена.
но жить без нее ты не сможешь!

Ты выпил. Ты выйдешь на снег
повыветрить околесицу.
Окошки потянутся
вверх
по белым веревочным
лестницам.

Закружится голова.
Так ясно под яблочко стало,
чему не подыщешь слова.
Слагается слово: начало.

",Снег,не указан,простой,1968.0,ШАФЕР
"
Шаланда уходит. С шаландой неладно.
Шаланда желаний кричит в одиночестве.
Послушайте зов сумасшедшей шаланды,
шаланды — шаландышаландышаландыша
ландыша хочется!
А может, с кормы прокричала челночница?
А может, баржа недодолбанной бандерши?
Нам ландыша хочется! Ландыша хочется!
Как страшно качаться под всею командой!
В трансляции вандала, вандала, вандала
«Лаванда» лавандалаванда не кончится.
А море, вчерашнее рашен, дышало,
кидало до берега пачки цветочные.
И все писуары Марселя Дюшана
белели талантливо. Но не точно.
И в этом весь смысл королев и шалавы
последней, пронзающий до позвоночника,
и шепот моей сумасшедшей шаланды,
что я не услышал:
«Л а н д ы ш а хочется...»

",Сохранять и покидать,не указан,сложный,1997.0,ШАЛАНДА ЖЕЛАНИЙ
"

Твой кумир тебя взял на премьеру.
И Любимов — Ромео!
И плечо твое онемело
от присутствия слева.

Что-то будет! Когда бы час пробил,
жизнь ты б отдал с восторгом
за омытый сиянием профиль
в темноте над толстовкой.

Вдруг любимовская рапира —
повезло тебе, крестник! —
обломившись, со сцены влепилась
в ручку вашего кресла.

Стало жутко и весело стало
от такого событья!
Ты кусок неразгаданной стали
взял губами, забывшись.

«Как люблю вас, Борис Леонидович! —
думал ты, — повезло мне родиться.
Моя жизнь передачей больничною,
может, вам пригодится...»

Распрямись, мое детство согбенное.
Детство. Самозабвенье.
И пророческая рапира.
И такая Россия!..

Через год пролетал он над нами
в белом гробе на фоне небес,
будто в лодке — откинутый навзничь,
взявший весла на грудь — гребец.

Это было на погребенье.
Была воля небесная скул.
Был над родиной выдох гребельный —
он по ней слишком сильно вздохнул.

",Домашняя,не указан,простой,"1960, 1977",ШКОЛЬНИК
,Стремление,не указан,простой,,ШЛО УБИЙСТВО
"

Бани! Бани! Двери — хлоп!
Бабы прыгают в сугроб.

Прямо с пылу, прямо с жару —
ну и ну!
Слабовато Ренуару
до таких сибирских «ню»!

Что мадонны! Эти плечи,
эти спины наповал,
будто доменною печью
запрокинутый металл.

Задыхаясь от разбега,
здесь на ты, на ты, на ты
чистота огня и снега
с чистотою наготы.

День морозный, чистый, парный,
мы стоим, четыре парня, —
в полушубках, кровь с огнем, -
как их шуткой
шуганем!

Ой, испугу!
Ой, в избушку,
как из пушки, во весь дух:
- Ух!

А одна в дверях задержится,
за приступочку подержится
и в соседа со смешком
кинет
кругленьким снежком!

",Снег,не указан,сложный,1958.0,СИБИРСКИЕ БАНИ
"Сидишь беременная, бледная.
Как ты переменилась, бедная.

Сидишь, одергиваешь платьице,
и плачется тебе, и плачется...

За что нас только бабы балуют
и губы, падая, дают,

и выбегают за шлагбаумы,
и от вагонов отстают?

Как ты бежала за вагонами,
глядела в полосы оконные...

Стучат почтовые, курьерские,
хабаровские, люберецкие...

И от Москвы до Ашхабада,
остолбенев до немоты,

стоят как каменные бабы,
луне подставив животы.

И, поворачиваясь к свету,
в ночном быту необжитом —

как понимает их планета
своим огромным животом.

",Мотив своего,неклассический,сложный,1957.0,...
,Мотив своего,не указан,простой,,СИРЕНЬ
"

Сколько свинцового
		     яда влито,
сколько чугунных
		лжей...
Мое лицо
никак не выжмет
	       штангу
		     ушей...

",Прощение,не указан,сложный,1968,...
"

«Скрымтымным» — это пляшут омичи?
скрип темниц? или крик о помощи?
или у Судьбы есть псевдоним,
темная ухмылочка — скрымтымным?

Скрымтымным — то, что между нами.
То, что было раньше, вскрыв, темним.
«Ты-мы-ыы...» — с закрытыми глазами
в счастье стонет женщина: скрымтымным.

Скрымтымным — языков праматерь.
Глупо верить разуму, глупо спорить с ним.
Планы прогнозируем по сопромату,
но часто не учитываем скрымтымным.

«Как вы поживаете?» — «Скрымтымным...»
«Скрымтымным!» — «Слушаюсь. Выполним».

Скрымтымным — это не силлабика.
Лермонтов поэтому непереводим.
Лучшая Марина зарыта в Елабуге.
Где ее могила? — скрымтымным...

А пока пляшите, пьяны в дым:
«Шагадам, магадам, скрымтымным!»
Но не забывайте — рухнул Рим,
не поняв приветствия: «Скрымтымным».

",Фигура женщины,не указан,простой,1970.0,Скрымтымным
"

Скульптор свечей, я тебя больше года
вылепливал.
Ты — моя лучшая в мире свеча.
Спички потряхивая, бренча.
Как ты пылаешь великолепно
волей создателя и палача!

Было ль, чтоб мать поджигала ребенка?
Грех работенка, а не барыш.
Разве сжигал своих детищ Коненков?
Как ты горишь!

На два часа в тебе красного воска.
Где-то у коек чужих и афиш
стройно вздохнут твои краткие сестры,
как ты горишь.

Как я лепил свое чудо и чадо!
Весны кадили. Капало с крыш.
Кружится разум. Это от чада.
Это от счастья, как ты горишь!

Круглые свечи. Красные сферы.
Белый фитиль незажженных светил.
Темное время — вечная вера.
Краткое тело — черный фитиль.

«Благодарю тебя и прощаю
за кратковременность бытия,
пламя, пронзающее без пощады
по позвоночнику фитиля.

Благодарю, что на миг озаримо
мною лицо твое и жилье,
если ты верно назвал свое имя,
значит, сгораю во имя Твое».

Скульптор свечей, я тебя позабуду,
скутер найму, умотаю отсюда,
свеч наштампую голый столбняк.
Кашляет ворон ручной от простуды.
Жизнь убывает, наверное, так,
как сообщающиеся сосуды,
вровень свече убывает в бутылке коньяк.

И у свечи, нелюбимой покуда,
темный нагар на реснице набряк.

",Мотив своего,неклассический,простой,1977.0,Скульптор свечей
,Домашняя,не указан,простой,,...
,Любовная,не указан,простой,1967,...
"Сложи атлас, школярка шалая,—
мне шутить с тобою легко,—
чтоб Восточное полушарие
на Западное легло.

Совместятся горы и воды,
колокольный Великий Иван,
будто в ножны, войдет в колодец,
из которого пил Магеллан.

Как две раковины, стадионы,
мексиканский и Лужники,
сложат каменные ладони
в аплодирующие хлопки.

Вот зачем эти люди и зданья
не умеют унять тоски —
доски, вырванные с гвоздями
от какой-то иной доски.

А когда я чуть захмелею
и прошвыриваюсь на канал,
с неба колют верхушками ели,
чтобы плечи не подымал.

Я нашел отпечаток шины
на ванкуверской мостовой
перевернутой нашей машины,
что разбилась под Алма-Атой.

И висят, как летучие мыши,
надо мною вниз головой —
времена, домишки и мысли,
где живали и мы с тобой.

Нам рукою помашет хиппи.
Вспыхнет пуговкою обшлаг.
Из плеча — как черная скрипка
крикнет гамлетовский рукав.

",Мотив черного,не указан,сложный,1971.0,...
"

Хоронила Москва Шукшина,
хоронила художника, то есть
хоронила Москва мужика
и активную совесть.

Он лежал под цветами на треть,
недоступный отныне.
Он свою удивленную смерть
предсказал всенародно в картине.

В каждом городе он лежал
на отвесных российских простынках.
Называлось не кинозал —
просто каждый пришел и простился.

Называется не экран,
если замертво падают наземь.
Если б Разина он сыграл —
это был бы сегодняшний Разин.

Он сегодняшним дням — как двойник.
Когда зябко курил он чинарик,
так же зябла, подняв воротник,
вся страна в поездах и на нарах.

Он хозяйственно понимал
край как дом — где березы и хвойники.
Занавесить бы черным байкал,
словно зеркало в доме покойника.

",Территориальная,неклассический,сложный,1975.0,СМЕРТЬ ШУКШИНА
"

Достигли ли почестей постных,
рука ли гашетку нажала —
в любое мгновенье не поздно,
начните сначала!

«Двенадцать» часы ваши пробили,
но новые есть обороты.
Ваш поезд расшибся. Попробуйте
летать самолетом!

Вы к морю выходите запросто,
спине вашей зябко и плоско,
как будто отхвачено заступом
и брошено к берегу прошлое.

Не те вы учили алфавиты,
не те вас кимвалы манили,
иными их быть не заставите —
ищите иные!

Так Пушкин порвал бы, услышав,
что не ядовиты анчары,
великое четверостишье
и начал сначала!

Начните с бесславья, с безденежья.
Злорадствует пусть и ревнует
былая твоя и нездешняя —
начните иную.

А прежняя будет товарищем.
Не ссорьтесь. Она вам родная.
Безумие с ней расставаться,
однако

вы прошлой любви не гоните,
вы с ней поступите гуманно —
как лошадь, ее пристрелите.
Не выжить. Не надо обмана.",Сохранять и покидать,неклассический,сложный,1973.0,Сначала!
"

Моим четвероногим слушателям
Университета Саймон Фрейзер
Верю
всякому зверю,
тем паче
обожаю концерт собачий!

Я читаю полулегальное
вам, борзая, и вам, легавая!
Билетерами не опознан,
на концерт мой пришел опоссум.
И, приталенная как у коршуна,
на балконе присела кожанка.

Мне запомнилась — гибкой масти,
изнывая, чтоб свет погас,
до отказа зевнула пастью,
точно делают в цирке шпагат.

С негой блоковской Незнакомки,
прогибающаяся спиной,
она лапы, как ножки шезлонга,
положила перед собой.

Зал мохнат от марихуаны,
в тыщу глаз, шалый кобель.
В «Откровении Иоанна»
упомянут подобный зверь.

Грозный зверь, по имени Фатум,
и по телу всему — зрачки.
Этот зверь — лафа фабриканту,
выпускающему очки!

Суди, лохматое поколенье!
Если не явится Бог судить —
тех, кто вешает нас в бакалейне,
тех, кто иудить пришел и удить.

И стоял я, убийца слова,
и скрипел пиджачишко мой,
кожа, содранная с коровы,
фаршированная душой.

Где-то сестры ее мычали
в электродоильниках-бигуди.
Елизаветинские медали
у псов поблескивали на груди.

Вам, уставшие от «мицуки»,
я выкрикиваю привет
от московской безухой суки,
у которой медалей нет.

Но зато эта сука — певчая.
И уж ежли дает концерт,
все Карузо отдали б печени
за господень ее фальцет!

Понимали без перевода
Лапа Драная и Перо,
потому что стихов природа —
не грамматика, а нутро.

Понимали без перевода
и не англо-русский словарь,
а небесное, полевое
и где в музыке не соврал...

Я хочу, чтоб меня поняли.
Ну, а тем, кто к стихам глухи,
улыбнется огромный колли,
обнаруживая клыки.

",Фигура поэта,не указан,сложный,1969.0,СОБАКАЛИПСИС
"

Человек — не в разгадке плазмы,
а в загадке соблазна.

Кто ушел соблазненный за реки,
так, что мир до сих пор в слезах,—
сбросив избы, как телогрейки,
с паклей вырванною в пазах?

Почему тебя областная
неказистая колея
не познанием соблазняя,
а непознанным увела?

Почему душа ночевала
с рощей, ждущею топора,
что дрожит, как в опочивальне
у возлюбленной зеркала?

Соблазненный землей нелегкой,
что нельзя назвать образцом,
я тебе не отвечу логикой,
просто выдохну: соблазнен.

Я Великую Грязь облазил,
и блатных, и святую чернь,
их подсвечивала алмазно
соблазнительница-речь.

Почему же меня прельщают
Музы веры и лебеды,
у которых мрак за плечами
и еще черней — впереди?

Почему, побеждая разум —
гибель слаще, чем барыши,—
соблазнитель крестообразно
дал соблазн спасенья души?

Почему он к тоске тернистой
отвернулся от тех, кто любил,
чтоб распятого жест материнский
их собой, как детей, заслонил?

Среди ангелов-миллионов,
даже если жизнь не сбылась,—
соболезнуй несоблазненным.
Человека создал соблазн.

",Душа,не указан,сложный,1977.0,Соблазн
"

Мы снова встретились. И нас
везла машина грузовая.
Влюблялись мы – в который раз.
Но ты меня не узнавала.

Меня ты привела домой.
Любила и любовь давала.
Мы годы прожили с тобой.
Но ты меня не узнавала!

",Любовная,классический,простой,1972.0,Сон
"

Служи молебен, Сакартвело,
сороковой.
Я вижу души женщин в белом
над головой.

Не я убил их, безответных,
но страшно мне,
что их убил мой соотечественник
в родной стране.

Не в Чили это послучилось.
Ком в горле встал.
Тот газ, на вид слезоточивый,
нас всех достал.

Я видел — Пушкин потрясенный,
цилиндр содрав,
на митинг наш неразрешенный
шел сквозь солдат.

От академика до троечника
мы ищем газ
с формулой антиперестроечной.
Он ищет нас.

Где формула дубин резиновых,
что против свеч?
Лежат под флагами грузинскими,
чья участь — лечь.

Свечи, раздавленные гусеницами,
и детский взгляд —
в неугасимых душах Грузии
вечно горят.

",Душа,не указан,сложный,,Сороковой день
"

Как скученно жить в толпе.
Соскучился по Тебе.
По нашему Сууксу.
Тоскую. Такой закрут.

По курточке из лоскут,
которую мы с Тобой
купили на Оксфорд-street!.
Ты скажешь, что моросит...

Скучаю по моросьбе.
Весь саксаулочный Крым,
что скалит зубы в тепле,
не сравнится с теплом Твоим.
Соскучился по Тебе.

По взбалмошному леску
с шлагбаумовой каймой,
как по авиаписьму,
отосланному Тобой.

Соскучился по шажку,
запнувшемуся в дому.
Соскучился по соску
напрягшемуся Твоему.
Всю кучерскую Москву
ревную я потому,

что жили мы пять минут,
и снова опять во тьму!
И нас спасти не придут
ни Иешуа, ни Проку-...
Все яблочки из прейску-
червивые, точно Q.

Угу!
Я — совсем ку-ку!

Сейчас заскулю как су-
ка бескудниковская! Хочу
в замученные жемчу-
жины серых Твоих глазищ!

Ты тоже не возразишь,
что хочешь на Оксфорд-street.

Гитара в небе летит.

При чем она? А при том!
Сказал мне Андре Бретон
о том, что летит она, похожая на биде.

Паскуды! Пошли все на!..
Соскучился по Тебе.

Соскучился и т. п...
",Мотив полета,неклассический,простой,2006.0,СОСКУЧИЛСЯ
"Спаси нас, Господи, от новых арестов.
Наш Рим не варвары разбили грозные.
Спаси нас, Господи, от самоварварства,
от самоварварства спаси нас, Господи.

Как заяц, мчимся мы перед фарами,
но не чужие за нами гонятся!
Мы погибаем от самоварварства.
— От самоварварства спаси нас, Господи.

У нас не Демон украл Самару,
не панки съели страну, не гопники.
В публичных ариях, в домашних сварах
от самоварварства спаси наш госпиталь.
Не о себе сейчас разговариваю,
но и себя поминаю, Господи.

От мракобесья обереги нас,
от светлобесья избавь нас, Господи.
Новой победе самофракийской
не только крылья оставь, но — голову!..
Мне все же верится, Россия справится.
Есть просьба, Господи, еще одна —
пусть на обломках самоварварства
не пишут наши имена.

",Молитва,не указан,сложный,1989.0,...
"
Спасите черёмуху! Как в целлофаны,
деревья замотаны исчервлённые.
Вы в них целовались. Летят циферблаты.
Спасите черёмуху!
Вы, гонщики жизни в «Чероки» красивом,
ты, панк со щеками, как чашка Чехонина.
Мы без черёмухи — не Россия. Спасите черёмуху.
Зачем красоту пожирают никчёмные?!
К чему, некоммерческая черёмуха,
ты запахом рома дышала нам в щёки,
как тыщи волшебных капроновых щёточек!
Её, как заразу, как класс, вырубают
под смех зачумлённый.
Я из солидарности в белой рубахе
сутуло живу, как над речкой черёмуха.
Леса без черёмухи — склад древесины.
Черёмухи хочется! Так клавесину
Чайковского хочется. К вечеру сильно
и вкладчице «Чары», и тёлке в косынке,
несчастным в отсидке, и просто России,
опаутиненной до Охотского,
черёмухи хотца, черёмухи хотца...
Приду, обниму тебя за оградой,
но сердце прилипнет к сетям шелкопряда.
Шевелятся черви в душе очарованной...
Спасите черёмуху!
Придёт без черёмухи век очерёдный.
Себя мы сожрали, чмуры и чмурёнихи.
Лесную молитву спасите, черёмуху!
Спаситесь черёмухой.

",Мотив полета,не указан,сложный,1997.0,СПАСИТЕ ЧЕРЁМУХУ
"

Спи, родная. Как страшно время
Чуть трепещут от легких снов
под глазами юными тени —
тени будущих пятаков.

",Сон,не указан,сложный,,...
"

Один, среди полей бесполых
Иду под знаком Зодиака.
Была ты — чистой страсти сполох.
Национальностью — собака.

Вселившийся в собаку сполох
Меня облизывал до дыр.
И хвостик, как бездымный порох,
Нам жизни снизу озарил.

Хозяйка в черном, как испанка,
Стояла мертвенно бледна,
Собачий пепел в белой банке
Протягивала она.

Потоки слез не вытекали
Из серых, полных горя глаз
Они стояли вертикально,
Чтобы слеза не сорвалась!

Зарыли все, что было сполох,
у пастернаковских пенат.
Расспрашивал какой-то олух:
«Кто виноват?» — Бог виноват!

А завтра поутру, бледнея,
Вдруг в зеркале увидишь ты
Лик неспасенного шарпея
Проступит сквозь твои черты.

И на заборе, не базаря
Еще о внешности своей,
Роскошно вывел: «Я — борзая»
А надо было: «Я — шарпей».

Герой моих поэм невежа
Оставил пепел на меже
Между пенатами и Полем,
Полузастроенном уже.

Между инстинктом и сознаньем,
Как на чудовищных весах,
Меж созданным и Мирозданьем
Стоит собака «на часах».

Стоит в клещах и грязных спорах.
И уменьшаясь, как петит,
Самозабвенный черный сполох,
Все... по небу летит.

Меж вечностью, куда всем хочется,
И почвой — где помет крысиный,
Меж полной волей одиночество
И болью непереносимой.

Вот так-то, мой лохматый сполох.
Перетираются весы.
Как будто инфернальный Поллак
Измазал кровью небеси.

Не понимаю по-собачьи,
На русский не перевожу,
За пастернаковскою дачей
Я ежедневно прохожу.

Пусть будь что будет. Се ля ви.
Похороните как собаку
Меня, виновного в любви
К тебе одной и Пастернаку.

",Поле,не указан,сложный,2009.0,СПОЛОХ
"

Закарпатский лейтенант,
на плечах твоих погоны,
точно срезы по наклону
свежеспиленно слепят.

Не приносят новостей
твои новые хирурги,
век отпиливает руки,
если кверху их воздеть!

Если вскинуть к небесам
восхищенные ладони -
«Он сдается!» - задолдонят,
или скажут - «диверсант»...

Оттого-то лейтенант
точно трещина на сердце -
что соседи милосердно
принимают за талант.

Из закарпатского дневника

Я служил в листке дивизиона.
Польза от меня дискуссионна.
Я вел письма, правил опечатки.
Кто только в газету не писал -
горожане, воины, девчата,
отставной начпрод Нравоучатов...

Я всему признательно внимал.
Мне писалось. Начались ученья.
Мчались дни.
Получились строчки о Шевченко.
Опубликовали. Вот они:

Сквозь строй

И снится страшный сон Тарасу.
Кусищем воющего мяса
сквозь толпы, улицы,
гримасы,
сквозь жизнь, под барабанный вой,
сквозь строй ведут его, сквозь строй!
Ведут под коллективный вой:
«Кто плохо бьет — самих сквозь
		          строй».

Спиной он чувствует удары:
Правофланговый бьет удало.
Друзей усердных слышит глас:
«Прости, старик, не мы — так нас».

За что ты бьешь, дурак господен?
За то, что век твой безысходен!
Жена родила дурачка.
Кругом долги. И жизнь тяжка.

А ты за что, царек отечный?
За веру, что ли, за отечество?
За то, что перепил, видать?
И со страной не совладать?

А вы, эстет, в салонах куксясь?
(Шпицрутен в правой, в левой —
		       кукиш.)
За что вы столковались с ними?
Что смел я то, что вам не снилось?

«Я понимаю ваши боли, —
сквозь сон он думал, — мелкота,
мне не простите никогда,
что вы бездарны и убоги,
вопит на снеговых заносах
как сердце раненой страны
мое в ударах и занозах
мясное
месиво
спины!

Все ваши боли вымещая,
эпохой сплющенных калек,
люблю вас, люди, и прощаю.
Тебя я не прощаю, век.
Я верю — в будущем, потом...»
.  .  .  .  .  .  .  .  .  .  .  .  .  .  .  .  .  .  .  .
Удар. В лицо сапог. Подъем.

",Прощение,не указан,простой,1960.0,СТАНСЫ
"Стихи не пишутся – случаются,
как чувства или же закат.
Душа – слепая соучастница.
Не написал – случилось так.

",Душа,классический,простой,1973.0,...
"

Есть и удача в неудаче.
Назло козлу и палачу
живу у Кочиной. Не плачу.
И за квартиру не плачу.
Скрипит о столик палисандровый
мое опальное перо.
Ах, золотые Александровы,
благодарю вас за добро.
Судьба такого нагребла!..
Придет 7-е ноября,
а с ним мой траурный наряд —
чем был, чем стал, чем быть бы рад.
Нельзя мне убежать от Брежнева.
Но и ему понять нельзя,
как чище бриллиантов брезжит
новосибирская роса!

Академгородок
",Фигура поэта,не указан,простой,1967.0,СТИХИ ИЗ ТАЙНИКА
"

Где пьют, там и бьют —
чашки, кружки об пол бьют.
Горшки - в черепки,
молодым под каблуки.
Брызжут чашки на куски:
чье-то счастье -
в черепки!

И ты в прозрачной юбочке,
юна, бела,дрожишь, как будто рюмочка
на краешке стола.

Горько! Горько!
Нелегкая игра.
За что? За горку
с набором серебра?

Где пьют, там и льют —
слезы, слезы, слезы льют...

",Мотив белого,не указан,простой,1956.0,СВАДЬБА
"

Вежды склоните к праху Сен-Жюста,
вежливо путайтесь в сопромате —
но сохраните
	свежие чувства,
свежие чувства
	в себе
		сохраняйте.

Пошлые рожи на наших просмотрах.
Пол и возраст — какая чушь!
Что отличает живых от мёртвых?
Свежесть чувств.

Ветерок тюльпанам головки треплет,
их язычки оближут вас.
Тысячи раз повторяется трепет
чувства близости в первый раз!

Рыночным чуркам вчерашние розы
может утром продать Шевчук.
Нету поэзии — нету прозы.
Свежесть чувств, говорю, свежесть чувств.

Утро начните стаканом
	эфира —
будешь до вечера
	быстр и шустр.
Для Ренаты поёт Земфира.
Свежесть чувств, говорю, свежесть чувств.
Всё не решусь я — всё не повешусь,
хотя традициям вроде не чужд.
Ты, изменяющая меня свежесть,
свежесть чувств, говорю, свежесть чувств.

Где-то на пригородном вокзале
я, очутившись, не отшучусь.
«Вы, гражданин, что-нибудь потеряли?» —
«Свежесть чувств, — говорю, — свежесть
	чувств».

",Любовная,не указан,сложный,2009.0,СВЕЖЕСТЬ ЧУВСТВ
"

Столбенею на мазутном полустанке.
К Севастополю несутся табуны —
мустанги,
одичавшие после войны.

Одичалый жеребец, чей дед контужен,
ну а бабушка гнедая оккупантка,
племенных кобыл уводит из конюшен.
Ну, мустанги!

Ну, мустанги! кто разграбил сахар в чайных,
ассигнации слизнул в районном банке?
Рыщет банда долгогривая мустангов.
Одичание.

Одичали над чаирами ничейными
и шиповниками стали розы чайные.
Одновременно с приручением
происходит рост одичания.
 
Поглядите в глаза дочерние,
что за джунглевые в них чаянья?
В век всеобщего обучения —
частный рост одичания.

А у чалого мустанга жизнь отчаянна,
как прокормишься под вьюгами крещенскими?
Приручение — одичание,
истребление — воскрешение.

Отслужили лошадям панихиду.
Неминуемый гол. Штанга!
Жизнь принюхивается ехидно
музыкальной ноздрей мустанга.

Милый, милый смешной дуралей,
паровоз допотопный кончится,
оказалась его удалей
первозданная мустанговая конница!

Их отстреливают охотники
ради конской колбасы воровато.
Не хватает сейчас Дон кихотов,
замещают их Росинанты.

Пейти крымское шампанское —
игристое, мускатное!
Не бейте крымских мустангов.
Скачите, мустанги!

",Время,неклассический,сложный,1975.0,ТАБУНЫ ОДИЧАНИЯ
"

таша говорю я на
низм ты говоришь кому
ыкант наливает муз
иноактриса пошла к
сотка улыбнулась кра
вать советует уби
лам сломалась жизнь nono

",Любовная,не указан,сложный,,...
"

Твои зубы смелы
в них усмешка ножа
и гудят как шмели
золотые глаза!

мы бредем от избушки
нам трава до ушей
ты пророчишь мне взбучку
от родных и друзей

ты отнюдь не монахиня
хоть в округе - скиты
бродят пчелы мохнатые
нагибая цветы

я не знаю - тайги
я не знаю — семьи
знаю только зрачки
знаю - зубы твои

на ромашках роса
как в буддийских пиалах
как она хороша
в длинных мочках фиалок

в каждой капельке-мочке
отражаясь мигая
ты дрожишь как Дюймовочка
только кверху ногами

ты — живая вода
на губах на листке
ты себя раздала
всю до капли — тайге.

",Прощение,не указан,сложный,1958,ТАЙГОЙ
"Тебе на локоть села стрекоза
и крыльями перебирает,—
как будто кожи близорукие глаза
спокойно стекла примеряют.

",Сон,неклассический,сложный,1988.0,...
"

Ты приехала на заработки
с Украины.
Ты готовишь мне утром завтрак
с укоризной.

Не с обидою,
но с укором —
представителю жизни сытной
за забором.

Почему к нам, ломая рельсы, —
смех сквозь стоны —
мчат китайцы, мордва, корейцы —
миллионы?

С ними, в маечке чемпионской,
из ненастья,
прилетела ты, журавлёночек,
голенастая.
Незамужняя, незалежная,
сердце мучая бесполезностью,
и здоровьем — не железная.

Чтоб меня уберечь, преступника,
от падения,
ты за мной неотступною
бродишь тенью.

Всем приятелям моим —
не бездарным! —
ты казалась соглядатаем,
жандармом.

Почему в многолюдстве хочется
абсолютного одиночества?

Странно мне:
больше свету?
Ты как тень на стене —
стены нету.

Когда в зеркале раскорячусь,
шарф надену,
вижу взгляд твой укоряющий
через стену.

Как два угля раскалённых
жгут мне спину.
Только скоро я, журавлёночек,
вас покину.

Улечу, где нет ни Останкина,
ни Ватикана.
Я уйду.
А ты, Тень, останешься
вертикально.

",Домашняя,не указан,сложный,2008.0,ТЕНЬ ВЕРТИКАЛЬНАЯ
"

Тенистый парк. Твои плеча.
Знакомства первая притирка.
И за стеною из плюща
звук теннисного мяча —
как откупорена бутылка.

",Домашняя,не указан,простой,1989,...
"

Тишины хочу, тишины...
Нервы, что ли, обожжены?
Тишины...
чтобы тень от сосны,
щекоча нас, перемещалась,
холодящая словно шалость,
вдоль спины, до мизинца ступни.
Тишины...

Звуки будто отключены.
Чем назвать твои брови с отливом?
Понимание —
молчаливо.
Тишины.

Звук запаздывает за светом.
Слишком часто мы рты разеваем.
Настоящее — наназываемо.
Надо жить ощущением, цветом.

Кожа тоже ведь человек,
с впечатленьями, голосами.
Для нее музыкально касанье,
как для слуха — поет соловей.

Как живется вам там, болтуны,
на низинах московских, аральских?
Горлопаны, не наорались?
Тишины...

Мы в другое погружены.
В ход природ неисповедимый.
И по едкому запаху дыма
мы поймем, что идут чабаны.

Значит, вечер. Вскипает приварок.
Они курят, как тени тихи.
И из псов, как из зажигалок,
Светят тихие языки.

",Стремление,неклассический,простой,1964.0,ТИШИНЫ!
"Тьма ежей любого роста
мне иголками грозила.
Я на дух надел напёрсток.
Жмёт, конечно. Но красиво.

",Мотив белого,не указан,простой,1998.0,...
"

Москва завалена арбузами.
Пахнуло волей без границ.
И веет силой необузданной
от возбужденных продавщиц.

Палатки. Гвалт. Платки девчат.
Хохочут. Сдачею стучат.
Ножи и вырезок тузы.
«Держи, хозяин, не тужи!»

Кому кавун? Сейчас расколется!
И так же сочны и вкусны
милиционерские околыши
и мотороллер у стены.

И так же весело и свойски,
как те арбузы у ворот —
земля мотается
в авоське
меридианов и широт!

",Сохранять и покидать,не указан,простой,1956.0,ТОРГУЮТ АРБУЗАМИ
"

Загляжусь ли на поезд с осенних откосов,
забреду ли в вечернюю деревушку —
будто душу высасывают насосом,
будто тянет вытяжка или вьюшка,
будто что-то случилось или случится —
ниже горла высасывает ключицы.

Или ноет какая вина запущенная?
Или женщину мучил — и вот наказанье?
Сложишь песню — отпустит, а дальше — пуще.

Показали дорогу, да путь заказали.
Точно тайный горб на груди таскаю —
тоска такая!

Я забыл, какие у тебя волосы,
я забыл, какое твое дыханье,
подари мне прощенье,
коли виновен,
а простивши — опять одари виною...

",Прощение,не указан,сложный,1967,ТОСКА
"

Америка по всем программам.
«На что способен Человек?»
В глазах — обломки чёрной рамы.
НЕ ПОНИМАЮ НИЧЕГО.
Всё это было не макетом,
не Голливуд на нас попёр.
Ревёт дымящийся Манхэттен,
как потерявший зуб бобёр.
Чей
самОлёт
вбит
в стену
кляксой?
Он тыщи жизней уволок.
Цивилизация в коллапсе.
Избави Бог! Избави Бог!
И трафик душ, спеша расстаться,
крутился зло и горячо.
Кому несут москвички астры?
Кому ещё?.. Кому ещё?..
И сероглазую студентку,
глазевшую на Пентагон,
оберегите, не заденьте!
Скорее, милая, бегом.
Есть вечность зла.
Есть свет и вечность.
Дышала, схожая с Тобой,
мучительная человечность —
какой ценой? какой ценой?
Цивилизация в коллапсе.
По тёмным лестницам кружа,
больную вынесли в коляске
с 68-го этажа.
Как здорово, что столько доноров.
У крови лидеры свои.
Смысл жизни не в рублях и долларах,
а на крови, а на крови.
Нам остаётся только тайна.
Осталась пыль. Остался гул
от сухопутного «Титаника»,
который в небе затонул
Большая кровь побила рейтинг
былых эпох. На что нам, Бог,
кровавого тысячелетия
непредсказуемый пролог?
Иное наступает время.
Иные слава и позор
ещё не ощутимы всеми.
Но счёт пошёл, но счёт пошёл.
Всё будет: счастье, мелодрамы,
успех, в любви — волюнтаризм.
Но в чёрной раме, в чёрной раме
на всю оставшуюся жизнь.

",Прошедшее,не указан,простой,2001.0,TRADE CENTER
"

Прощайте, три тома,
Вы синими родились.
Прощайте, три дома —
Жизнь — Смерть — Высь.

Бог, видно, прошляпил,
на вас ледерин не усек,
одел вас в оставшийся штапель,
ошибочной сини клочок!

Прощайте, три синих!
Кого я на вас подпишу?
Непереносимо,
что кто-то идет к стеллажу.

Спустя сто лет точно
возьмет гениальный сопляк,
сверкнув голубою пощечиной,
надписанный мной экземпляр...

Ты знаешь лишь черное небо,
космические корабли.
Возьми его в синих брикетах,
как я его видел с Земли.

Потомок, возьми три тома
земных надежд и потерь,
осыпавшемуся золотому
не верь. Только синему верь.

Пацан, в наших днях отрытых
найди свою мерку крыл,
как в лермонтовской палитре
Врубель себя открыл.

Я жил во всяких трясинах,
но небо я синим знал.
Прощайте, три синих!
Кто тройкой Россию назвал?

Зачем-то ведь Бог прошляпил,
одну звезду не учел —
одел ее в зрячий штапель,
такой одинокий зрачок.

Вы нас обогнали, сирых.
На телеэлементах гальюн.
Но поют ли вам Сирин,
Алконост, Гамаюн?

Когда ты их вынешь с полки,
то щелка небытия
откроется ровно на столько,
что жизнь занимала меня.

Куда вы, томы, девались?
Не дрейфь. Ты ищешь не тут.
Три синие «адидаса»
Москвой-рекою бегут.

Мужик, пробежимся с ними?
И что означает синь?
Я думаю — это Жизнь.

Живите, три синих!

",Прощение,не указан,простой,1984.0,Три синих
"


бедствующим!
Обрежешься об их лица.
Есть новая нация —
беженцы,
цыгане социализма.

Нет песен у этой нации.
И Нансена для них нет.
Погром,
не посаженный на цепь,
в их душах оставил след.

Россия бежит из Прибалтики.
Бежит из Баку Армения,
на Запад интеллигенция.
Бог покидает храмы -
пожертвуйте нации
беженцев!

А ты идешь по столице
с плакатом: «Мерси, Баку!» —
цыганочка социализма
с детишками на боку.

Пока мы в домах с этажерками
и не стряслось неизбежное,
беженцам хоть рубль пожертвуйте!
Пока мы сами не беженцы.

",Стремление,не указан,простой,1980,ЦЫГАНЕ СОЦИАЛИЗМА
"

Кругом тута и туя.
А что такое — Туля?

То ли турчанка -
тонкая талия?
То ли речонка -
горная,
талая?

То ли свистулька?
То ли козуля?
Туля!

Я ехал по Грузии,
грушевой, вешней,
среди водопадов
и белых черешней.

Чинары, чонгури,
цветущие персики
о маленькой Туле
свистали мне песенки.

Мы с ней не встречались.
И все, что успели,
столкнулись — расстались
на Руставели...

„ Туля! Туля!» Но свищут пичуги
в московском июле:
«Туит-
ту-ту-
туля!
Туля! Туля!»

",Мотив белого,не указан,простой,1958.0,ТУЛЯ
"
Ты еще не подруга, но уже не сестра.
Дай мне
три километра
твоего волшебного времени
от Арбата и до двух утра.

Ты причислена к клубу лучших женщин
планеты.
Все в жизни сдвинулось.
Границ нет.
Меж наших плечей сияют просветы —
от сантиметра до тысячи лет.

Твоя серая кепочка — как жареный фисташек,
где чуть-чуть расщеплена,
как клювик,
скорлупа...
Как щебечет жизнь твоя на дистанции
от Данте до Киевского моста!

",Фигура женщины,не указан,сложный,1980,...
"Ты чувствуешь, как расправляется
лицо, уставшее от fucking?
Так утром снова распрямляются
дождём побитые фиалки.

",Длань,не указан,простой,2008.0,...
"Ты мне никогда не снишься.
Живу Тобой наяву.
Снится все остальное.
И это дурные сны.

Спишь на подушке ситчика.
Вся загорела слишком.
Дышит, как чайное ситечко,
выбритая подмышка.

Набережная Софийская!
Двери балконной скрип.
Медвяная метафизика
пахнущих Тобой лип.",Сон,неклассический,простой,1982.0,...
"Ты с теткой живешь. Она учит канцоны,
чихает и носит мужские кальсоны.
Как мы ненавидим проклятую ведьму!..

Мы дружим с овином, как с добрым
			        медведем.
Он греет нас, будто пичугу за пазухой.
И пасекой пахнет.
А в Суздале - Пасха!
А в Суздале сутолока, смех, воронье.

Ты в щеки мне шепчешь про детство твое.
То сельское детство, где солнце и кони,
и соты сияют, как будто иконы.
Тот отблеск медовый на косах твоих...

В России живу — меж снегов и святых!

",Снег,не указан,простой,1958.0,...
"Ты вышла на берег и села со мною,
спиною шурша.
Когда ж на плечах твоих высохло море,
из моря ты вышла - и в море ушла.

С тобой я проплыл, проводив до предела,
как встарь — до угла.
Примеривши море на длинное тело,
из моря ты вышла - и в море ушла.

Я помню, как после купания долгого
в опавших подушечках пальцы твои
опять расправлялись упругими дольками,
от солнца наполнившись и любви...

Потом облака золотели от зноя.
И сонное солнце в Элладу ушло.
И лебедю Леда, поправив рукою,
сунет голову под крыло.

Тебя потеряли дозорные вышки.
Вода погремушкой застряла в ушах.
Ко мне обернулись зеленью вспышки —
из моря ты вышла — и в море ушла.

",Морская,не указан,сложный,1980,...
"
И от наших запутанных дней
два стежка проступили над веной,
слава богу, над ней.

И чем больше рука загорает
и откинется в счастье рука,
все яснее на ней проступают
два спокойных и скользких шнурка.

",Длань,не указан,сложный,1980,...
"У речки-игруньи
у горной глазури
березы
           в Ингури
березы
           в Ингури
как портики храма
колонками в ряд
прозрачно и прямо
березы стоят

как после разлуки
я в рощу вхожу
раскидываю руки
до ночи
            лежу

сумерки сгущаются
надо мной
                белы
качаются смещаются
прозрачные стволы

вот так светло и прямо
по трассе круговой
стоят
         прожекторами
салюты над Москвой

",Мотив белого,не указан,сложный,1958,...
"

на деревьях висит тай
очки сели на кебаб
лучше вовсе бросить шко
Боже отпусти на не

ель наденет платье диз
фаны видят мой наф-на
и на крыше нафтали
Боже отпусти на не

не мелодия для масс
чево публику пуга
Зыкина анти му-му
Боже отпусти на не

тятя тятя наши се
цаца папа ца мертве
Леннона проходят в шко
Господи пусти на не

до свидания бельмон
инактриса пошла к
зонцы выбирают барби
Нику дали шизофре

рновскую вкушают СМИ
ад пусти меня на зап
да хотя бы в пику
enthusiasm это kitch

оба сели в свои вольв
мент проверил их доку
оказались безрабо

ердие безрукой Милос
тронь фонариком мне ну
много в человеке те

политически ужо
единенье кажный раз
сколько жён/ударов в мин
я кричу что гибнет Росси

Боже отпусти на не

лампа-жизнь разбилась попо
ты не оправдала меч

Боже отпусти на не


",Прощение,не указан,сложный,1997,УЛЁТ 1
"

Уже, наверно, час тому, как
рассвет означит на стене
ряды улиточек-домушниц
с кибиточками на спине.

Магометанские моллюски,
их продвиженье — не иллюзия.
И, как полосочки слюды,
за ними тянутся следы.

Они с катушкой скотча схожи,
как будто некая рука
оклеивает тайным скотчем
дома и судьбы на века.

С какой решительностью тащат —
без них, наверно б, мир зачах —
домов, замужеств, башен тяжесть
на слабых влажных язычках!

Я погружен в магометанство,
секунды протяженьем в год,
где незаметна моментальность
и видно, как гора идет.

Эпохой, может, и побрезгуют.
Но миллиметра не простят.
Посылки клеят до востребования.

Куда летим? Кто адресат?

",Стремление,не указан,сложный,1969.0,УЛИТКИ-ДОМУШНИЦЫ
"Ушла душа. Земле до лампочки.
С тобой с Земли исчезли ландыши.

",Сохранять и покидать,не указан,простой,1980,...
"

I

по захолустьям жизни забитой —
будто находишься в устье предчувствий,
переходящем в море событий.

Все, что оплакал, сбывается бедственно.
Ночью привидится с другом разлука.
Чувство имеет обратное действие.
Утром приедешь — нет его, друга.

Утро приходит за кукареканьем.
О, не летайте тем самолетом!
Будто сначала пишется реквием,
а уж потом все идет как по нотам.

Все мои споры ложатся на решку.
Думать опасно.
Только подумаю, что ты порежешься, —
Боже! — вбежала с порезанным пальцем.

Ладно, когда б это было предвиденьем.
Самая мысль вызывает крушенье.
Только не думайте перед вылетом!
Не сомневайтесь в друге душевном!

Не сомневайтесь, не сомневайтесь
в самой последней собаке на свете.
Чувством верните ее из невнятиц —
чтоб не увидеть ногтей синеватых —
верьте...

2
Шел я вдоль русла какой-то речушки,
грустью гонимый. Когда же очухался,
время стемнело. Слышались листья:
«Мы — мысли!»
Пар подымался с притоков речушки:
«Мы — чувства!»

Я заблудился, что было прискорбно.
Степь начиналась. Идти стало трудно.
Суслик выглядывал перископом
силы подземной и непробудной.

Вышел я к морю. И было то море —
как повторенье гравюры забытой —
фантасмагория на любителя! —
волны людей были гроздьями горя,
в хоре утопших, утопий и мора
город порхал электрической молью,
трупы истории, как от слабительного,
смыло простором любви и укора.
Море моею питалось рекою.
Чувство предшествовало событью.

Круглое море на реку надето,
будто на ствол крона шумного лета,
или на руку боксера перчатка,
или на флейту Моцарт печальный,
или на душу тела личина —
чувство являлось первопричиной.

«Друг, мы находимся в устье с тобою,
в устье предчувствий —
там, где речная сольется с мирскою,
выпей из устья!

Видишь, монетки в небе мигают.
Звезды зовутся.
Эти монетки бросил Гагарин,
чтобы обратно в небо вернуться...»

Что это было? Мираж над пучиной?
Или замкнулся с душой мировою?
Что за собачья эта кручина —
чуять, вернее, являться причиной?..
И окружающим мука со мною.

",Морская,не указан,сложный,1980,УСТЬЕ
"Утром вставши, порубавши,
духи бешенства и огня
как смирительную рубашку
натягивают меня.

Сколько мужества, сколько муки
в этой близости роковой!
Волосатые чьи-то руки
из моих торчат рукавов.

Скажу милостивым государям:
собирателен мой удар.
Кто скрывается за ударом —
Маяковский или Ронсар?

Через гойевские «Капричос»
просвечивал правды клык.
Сквозь сегодняшние «Кирпичики»
просвечивает мой крик.

",Длань,не указан,сложный,2008.0,...
"

Нет у поэтов отчества.
Творчество — это отрочество.

Ходит он — синеокий,
гусельки на весу,
очи его — как окуни
или окно в весну.

Он неожидан, как фишка.
Ветреней, точно март...
Нет у поэта финиша.
Творчество — это старт.

",Фигура поэта,не указан,простой,1957.0,В. Б.
"В нас Рим и Азия смыкаются.
Мы истеричны и странны.
Мы стали экономикадзе
самоубийственной страны.

",Территориальная,не указан,простой,1997.0,...
"

	3. Б.

В дождь как из Ветхого завета
мы с удивительным детиной
плечом толкали из кювета
забуксовавшую машину.
В нем русское благообразье
шло к византийской ипостаси.
В лицо машина била грязью
за то, что он ее вытаскивал.
Из-под подфарника пунцового
брандспойтово хлестала жижа.
Ну и колеса пробуксовывали,
казалось, что не хватит жизни!
Всего не помню, был незряч я
от этой грязи молодецкой.
Хозяин дачи близлежащей
нам чинно вынес полотенца.
Спаситель отмывался, терся,
отшучивался, балагуря.
И неумелая шоферша
была лиха и белокура.
Нас высадили у заставы,
на перекрестке мокрых улиц.
Я влево уходил, он вправо,
дороги наши разминулись.

",Стремление,не указан,сложный,1972.0,В непогоду
"В полях безоглядных— подобье улыбки.
Забытый на грядке
	наперсток клубники.

Куда-то ушли и воткнули лопату.
Над нею струится нога, что копала,
и тело, что стало теперь, вероятно,
дрожаньем улыбки в полях
	безоглядных.

",Поле,не указан,сложный,1979.0,...
"
Эти встречи второпях,
этот шёпот торопливый,
этот ветер в тополях —
хлопья спальни тополиной!

Торопитесь опоздать
на последний рейс набитый.
Торопитесь обожать!
Торопитесь, торопитесь!

Торопитесь опоздать
к точным глупостям науки,
торопитесь опознать
эти речи, эти руки.

Торопитесь опоздать,
пока живы — опоздайте.
Торопитесь дать под зад
неотложным вашим датам...

Господи, дай опоздать
к ежедневному набору,
ко всему, чья ипостась
не является тобою!..

Эти шавки в воротах.
Фары вспыхнувшим рапидом.
У шофёра — второй парк.
Ты успела? Торопитесь...


",Молитва,не указан,сложный,1982.0,В ТОПОЛЯХ
"

Лик ваш серебряный, как алебарда.
Жесты легки.
В вашей гостинице аляповатой
в банке спрессованы васильки.

Милый, вот что́ вы действительно любите!
С Витебска ими раним и любим.
Дикорастущие сорные тюбики
с дьявольски
	выдавленным
		голубым!

Сирый цветок из породы репейников,
но его синий не знает соперников.
Марка Шагала, загадка Шагала —
рупь у Савеловского вокзала!

Это росло у Бориса и Глеба,
в хохоте нэпа и чебурек.
Во поле хлеба — чуточку неба.
Небом единым жив человек.

Их витражей голубые зазубрины —
с чисто готической тягою вверх.
Поле любимо, но небо возлюблено.
Небом единым жив человек.

В небе коровы парят и ундины.
Зонтик раскройте, идя на проспект.
Родины разны, но небо едино.
Небом единым жив человек.

Как занесло васильковое семя
на Елисейские, на поля?
Как заплетали венок Вы на темя
Гранд Опера, Гранд Опера!

В век ширпотреба нет его, неба.
Доля художников хуже калек.
Давать им сребреники нелепо —
небом единым жив человек.

Кто целовал твое поле, Россия,
пока не выступят васильки?
Твои сорняки всемирно красивы,
хоть экспортируй их, сорняки.

С поезда выйдешь — как окликают!
По полю дрожь.
Поле пришпорено васильками,
как ни уходишь — все не уйдешь...

Выйдешь ли вечером — будто захварываешь,
во поле углические зрачки.
Ах, Марк Захарович, Марк Захарович,
все васильки, все васильки...

Не Иегова, не Иисусе,
ах, Марк Захарович, нарисуйте
непобедимо синий завет —
Небом Единым Жив Человек.

",Поле,неклассический,сложный,1973.0,ВАСИЛЬКИ ШАГАЛА
"
Жаль, что проходит «на ура»
стихов давнишних часть.
Они написаны вчера,
вчера — то есть сейчас.

Я их писал на злобу дня,
писал я, осерчав.
Клянут меня, клеймят меня—
вчера, как и сейчас.

Они застыли в злобу лет.
К чертям бы им нора!
Конца их преступленьям нет
сейчас, как и вчера.

Стих и не плох, но не дай бог,
что персонаж пера
вдруг станет «злобою эпох»
и завтра, как вчера.

А ты садишься на окно,
коленками сучась
Ты повстречалась мне давно,
всегда — как и сейчас.


",Прошедшее,не указан,сложный,1987.0,"ВЧЕРА, ТО ЕСТЬ СЕЙЧАС"
"

На закате бегу между пляжем и морем,
что барашками кажется мухомором,
мимо пляжей, которые кажутся жизнью,
мимо жизни, которая кажется пляжем,
мимо моря, которое кажется смертью,
мимо смерти, которая кажется жизнью,

пляж, который казался десяткой червов,
загорев, оказался пиковой масти,
мимо горя, которое кажется счастьем,
мимо счастья, которого, кажется, нету,
мимо розы, которая кажется чайной,
только пахнет вином, унесенным из чайной,
мимо тайны, которая кажется дурой,
мимо дуры, которая кажется тайной,
мимо тайны, которая кажется тенью,
мимо тени, оказывающейся светом,

пробегаю по кругу, что кажется волей,
меж ворами, которые, кажется, в «Вольво»,
меж собакой и волком, что кажется другом,
между дружбой, которая кажется цепью,
мимо церкви, которая кажется Богом,
мимо Бога, оказывающегося церковью,
мимо молний, которые кажутся чайкой,
мимо чайки, что вскоре окажется МХАТом,
мимо молний с копьем, как святой Егорий,
мимо моря, тебя растворившего моря,

полюбила, а кажется, посмеялась,
время — секс, что кажется безопасным,
пронеслась — а кажется, что навеки,
навсегда — а кажется, что напрасно.",Морская,неклассический,сложный,1998,ВДОЛЬ МОРЯ
"

Милые мои слепые,
слепые поводыри,
меня по своей России,
невидимой, повели.

Зеленая, голубая,
розовая на вид,
она, их остерегая,
плачет, скрипит, кричит.

Прозрейте, товарищ зрячий,
у озера в стоке вод.
Вы слышите — оно плачет?
А вы говорите — цветет.

Чернеют очки слепые,
отрезанный мир зовут —
как ветви живьем спилили,
следы окрасив в мазут.

Скажу я вам — цвет ореховый,
вы скажете — гул ореха.
Я говорю — зеркало,
вы говорите — эхо.

Вам кажется Паганини
красивейшим из красавцев,
Сильвана же Помпанини —
сиплая каракатица,
вам пудреница покажется
эмалевой панагией.

Пытаться читать стихи
в обществе слепых —
пытаться скрывать грехи
в обществе святых.

Плевать им на куртку кожаную,
на показаху рук,
они не прощают кожею
наглый и лживый звук.

И дело не в рифмах бедных —
они хорошо трещат, —
но пахнут, чем вы обедали,
а надо петь натощак!

И в вашем слепом обществе,
всевидящем, как Вишну,
вскричу, добредя ощупью:
вижу!

зеленое зеленое зеленое
заплакало заплакало заплакало
зеркало зеркало зеркало
эхо эхо эхо

",Прощение,не указан,сложный,1974.0,Вечер в «Обществе слепых»
"

Подгулявшей гурьбою
все расселись. И вдруг -
где
двое?!
Нет
двух!

Может, ветром их сдуло?
Посреди кутежа
два пустующих стула,
два лежащих ножа.

Они только что пили
из бокалов своих.
Были -
сплыли.
Их нет, двоих.

Водою талою —
ищи-свищи!
Сбежали, бросив к дьяволу
приличья и плащи!

Сбежали, как сбегает
с фужеров гуд.
Так реки берегами,
так облака бегут.

Так убегает молодость
из-под опек,
и так весною поросли
пускаются в побег!

В разгаре вечеринка,
но смелость этих двух
закинутыми спинками
захватывает дух!

",Мотив своего,не указан,простой,1959.0,ВЕЧЕРИНКА
"Верблюды пишут верлибры
Нимфы рифмуются с отражением
В полусвете воска вокзалов
вязнет моя судьба

",Домашняя,не указан,сложный,1991.0,...
"

И потом Тебя не будет.
Не со мной. А вообще.
Никто больше не осудит
мой воротничок в борще.

Прекратится белый холмик —
мой и твой ориентир.
Превратится в страшный холод
жизнь, что нам я посвятил.

Оказалось, что на деле
все ушло на пустяки.
Мы с Тобою не успели
главного произнести.

Превратится в дырку бублик,
все иное не стерпя.
А потом меня не будет.
Без меня. И без Тебя.
",Мотив белого,неклассический,простой,,ВЕСЕЛЕНЬКИЕ СТРОЧКИ
"

Я к вечеру шестого мая
в глухом кукушкином лесу
шел, просекою подымаясь,
к электротягам на весу.

Как вдруг, спланировав на провод,
вольна причиной неземной,
она, серебряная в профиль,
закуковала надо мной.

На расстоянье метров сорок,
капризница моих тревог,
вздымала ювелирно зорко
свой беззаботнейший зобок.

Судьбы прищепка бельевая,
она причиною годов
нечаянно повелевала.
От них качался проводок.

И я стоял, дурак счастливый,
под драгоценным эхом их.
Я был отсчитывать не в силах.
Неважно сколько — но каких!

О Боже, — думал, — как жемчужно
ниспосланы наверняка —
необъяснимая пичужка,
нежданные твои века!

",Время,не указан,сложный,1983.0,Вестница
"Во время взлёта и перед бураном
мои душа и уши не болят —
болит какой-то совестибулярный,
не ясный для науки аппарат.
Когда, снижаясь, подлетаю к дому,
я через дно трепещущее чую,
как самолёт с жестяною ладонью
энергию вбирает полевую.
Читаю ль тягомотину обычную
или статьи завистливую рвотину,
я думаю не об обидчике, —
что будет с родиной?
Неужто и она себя утратит —
с кукушкой над киржацкою болотиной —
и распадётся, как Урарту, —
что будет с родиной?
Не административная система —
блеск её вёрст, на спиннинги намотанный.
Она за белой церковью синела
нерадиоактивною смородиной.
Я не хочу, чтобы кричала небу
чета берёз, белеющих в исподнем.
Отец и мать в моих проснулись генах:
«Что будет с родиной?»

",Прошедшее,не указан,сложный,1988.0,...
"

В трос вросла, не сняв очки бутыльи,—
уводи!
Обожает, чтобы уводили!
Аж щека на повороте у воды.

Проскользила — боже! — состругала,
наклонившись, как в рубанке оселок,
не любительница — профессионалка,
золотая чемпионка ног!

Я горжусь твоей слепой свободой,
обмирающей до кишок —
золотою вольницей увода
на глазах у всех, почти что нагишом.

Как истосковалась по пиратству
женщина в сегодняшнем быту!
Главное — ногами упираться,
чтоб не вылетела на ходу.

«Укради, как раньше на запятках,—
миленький, назад не возврати!» —
если есть душа, то она в пятках,
упирающихся в край воды.

Укради за воды и за горы,
только бы надежен был мужик!
В золотом забвении увода
онемеют десны и язык.

«Да куда ж ты без спасательной жилетки,
как в натянутой рогаточке свистя?
Пожалейте, люди, пожалейте
себя!..

...Но остался след неуловимый
от твоей невидимой лыжни,
с самолетным разве что сравнимый
на душе, что воздуху сродни.

След потери нематериальный,
свет печальный — бог тебя храни!
Он позднее в годах потерялся,
как потом исчезнут и они.

",Прощение,не указан,сложный,1971.0,Водная лыжница
"

С иными мирами связывая,
глядят глазами отцов
дети —
	широкоглазые
перископы мертвецов.

",Длань,не указан,сложный,1975,ВОЙНА
,Мотив своего,не указан,простой,1975,ВОЛЬНООТПУЩЕННИК ВРЕМЕНИ
"
Я водные лыжи почти ненавижу,
когда надеваю воздушные лыжи.

Полжизни вложил я в воздушные лыжи,
полнеба за трос вырывая двужильно.
Мои провозвестники кончили грыжей,
воздушные лыжи со мною дружили.

Ты плаваешь слабо, мой гибкий товарищ,
ты воздух хватаешь, как водная лилия.
На водные доски тебя не поставишь.
Я ставлю тебя на воздушные лыжи.

Не ешь до звезды. И питайся любовью,
сдирая лодыжки о воздух и крыши.
Семья тебя кроет спириткой бесстыжей
за то, что познала воздушные лыжи.

Пойми, что энергия — та же материя.
Ладошка твоя щурит свет Моны Лизы.
Но только одна не катайся. Смертельно!
Когда я уснул, ты взяла мои лыжи.

Я видел тебя над Парижем и Вяткой.
Прощай! Я живою тебя не увижу.
Лишь всплыли на небе пустом необъятно,
как стрелки часов, две скрещённые лыжи.

Моё преступленье ужасно. Я спятил.
Ты же —
жива. Ты по небу катаешь на пятке.
Зачем ты сломала воздушные лыжи?


",Небо,не указан,простой,1981.0,ВОЗДУШНЫЕ ЛЫЖИ
"

«Пушкин — это русский через двести лет».
Все мы нынче Пушкины. Гоголю привет!

Пушкин не читает в школе Пушкина.
Пушкин отрывается на Горбушке.

Пушкин лопнул банки, как хлопушки.
Кто вернет нам вклады? Может, Пушкин?

На спуске, на Васильевском, читают Пушкина.
Царь-пушку изнасиловали пэтэушники.

Пушкин современников учит воровать.
Как баночка с вареньем, укутан Арафат.

Пушкин, параноик, мне помог
отыскать в России пару Твоих ног.

Пушкин Прокуратору подставил шмару.
Пушкин аккуратно поджег Самару.

Кто спасет от падающих высот?
Может, только Пушкин и спасет.

",Прошедшее,не указан,простой,1995.0,ВРЕМЯ ПОЭТА
"Всходы страшных семян.
Вот и век прошумел.
Ваш герой — Шаумян,
наш герой — шоумен.

",Время,не указан,простой,1980,...
"

Открывайся, Америка!
Эврика!
Короную Емельку,
	             открываю, сопя,
в Америке — Америку,
в себе —
	себя.

Рву кожуру с планеты,
		   сметаю пыль и тлен,

спускаюсь
	 в глубь
	            предмета,
как в метрополитен.

Там груши - треугольные,
		         ищу в них души голые.
Я плод трапециевидный
		      беру не чтоб глотать —
чтоб стекла сердцевинки
сияли, как алтарь!

Исследуйте, орудуйте,
		    не дуйте в ус,
пусть врут, что изумрудный, -
он красный, ваш арбуз!

Дарвины, Рошали
	            ошибались начисто.
Скромность украшает?
		     К черту украшательство!
Вгрызаюсь, как легавая,
		       врубаюсь, как колун...
Художник хулиганит?
Балуй,
           Колумб!

По наитию
	  дую к берегу...
Ищешь
            Индию —
найдешь
            Америку!

",Душа,не указан,сложный,1961.0,ВСТУПЛЕНИЕ
"

От рассвета до рассвета
себя, тебя любя,
как видеокассету
засовывал в тебя.

Часть моего, бесспорно,
достанется толпе,
но главное — сквозь поры —
останется в тебе.

Останется истеблиш.
Красу не изменя,
ты вдруг немного станешь
похожей на меня.

Я из твоей одёжки
гляжу как в дырки джинс.
Живу, пока живёшь ты,
моя вторая жизнь.

",Домашняя,не указан,сложный,2009.0,ВТОРАЯ ЖИЗНЬ
"

Москва минус Париж? Пойдите отнимите!
Париж минус Москва?
Пикассо с Родченкой курил на динамите.
И от Москвы в Москве кружится голова.

Как я люблю Москву Лентулова пернатого!
Трепещет, как крыло, из перышков мазка.
Восьмидесятые минус двадцатые?
Москва минус Москва?

Не вычесть из тебя, Москва, болотным кваканьем
года твоих голгоф, прозрений, голодух.
Над любопытными дохнул великий вакуум
и коммунальных аввакумов дух.

За этот дух расплачиваясь шкурой,
интеллигент из благостных крестьян
западноевропейскую культуру
брал на лету, как голую Дункан.

В истории нельзя забыть ни доли сотой.
Комбинезончик твой — осиная модель.
Настояны судьбой филоновские соты.
Как Хлебников помолодел!

Спасибо. Не прощаюсь. Пожелаю
занять места на выставках, в музеях и мозгах.
В Коровине, московском парижанине,
импрессионизирует Москва!..

Кому-то это минус или примесь.
Подброшен как мишень бубновый черный туз.
Фломастером вооружусь.
Я на афише переправлю минус
на плюс.

",Любовная,не указан,сложный,1981.0,Выставка «Москва — Париж»
"Вызывайте ненависть на себя почаще,
пусть кому-то нежному достанется счастье

Под прицелом снайпера закурите «Мальборо»
и четверостишие напишите набело.

Вызывайте ненависть тем, что выживаете.
Пусть прицелы пляшущие скажут - вы из ваты.

И скажите с нежностью снайперу всемирному:
«Расстрелял всю ненависть?
Тебе легче, милый?»


",Прошедшее,не указан,сложный,1980,...
"

Я думаю, право ли большинство?
Право ли наводненье в Флоренции,
круша палаццо, как орехи грецкие?
Но победит Чело, а не число.

Я думаю — толпа иль единица?
Что длительней — столетье или миг,
который Микеланджело постиг?
Столетье сдохло, а мгновенье длится.

Я думаю...

",Прошедшее,не указан,простой,1967,...
"Я — двоюродная жена.
У тебя — жена родная!
Я сейчас тебе нужна.
Я тебя не осуждаю.

У тебя и сын, и сад.
Ты, обняв меня за шею,
поглядишь на циферблат —
даже крикнуть не посмею.

Поезжай ради Христа,
где вы снятые в обнимку.
Двоюродная сестра,
застели ему простынку!

Я от жалости забьюсь.
Я куплю билет на поезд.
В фотографию вопьюсь.
И запрячу бритву в пояс.

",Длань,неклассический,простой,1971.0,...
"Я не в Кармен — в Карвумен верю,
какая дрянь бы с неба ни текла —
Тебя я вижу через веер
расчищенного щетками стекла.

",Небо,не указан,сложный,1980,...
"Я не верю в кошмар изотермы
без людей - без певца, без кинто.
Не затем на земле хризантемы,
чтобы их не увидел никто.

",Сохранять и покидать,не указан,сложный,1995.0,...
"
Я сослан в себя
		я — Михайловское
горят мои сосны смыкаются

в лице моем мутном как зеркало
смеркаются лоси и пергалы

природа в реке и во мне
и где-то еще — извне

три красные солнца горят
три рощи как стекла дрожат

три женщины брезжут в одной
как матрешки — одна в другой

одна меня любит смеется
другая в ней птицей бьется

а третья — та в уголок
забилась как уголек

она меня не простит
она еще отомстит

мне светит ее лицо
как со дна колодца —
		     кольцо

",Прощение,не указан,сложный,1961,...
"Я тебя очень... Мы фразу не кончим.
Губы на ощупь. Ты меня очень...
Точно замочки, дырочки в мочках.
Сердца комочек чмокает очень.
Чмо нас замочит. Город нам — отчим.
Но ты меня очень, и я тебя очень...
Лето ли осень, всё фразу не кончим:
«Я тебя очень...»


",Мотив чувства,не указан,простой,1999.0,...
"Я внесу тебе клумбу зимнюю.
Цикламены дышат свежо,
сжаты ручкою от корзины,
как твое в бретельке плечо.

",Прошедшее,не указан,сложный,1980,...
,Мотив полета,не указан,простой,1998,...
"

Не могу спать.
Мне лезет в окна
75.

Месяц проищем —
ушёл в ущерб.
7 — топорище,
5 — серп.

Жизнь полосата,
как шкурка зебр.
Смотрят с фасада
молот и серп.

Детства эмблема,
молодой синдром,
ещё вам не время,
серп с топором!

Висит над Косовом
Серпский позор.
Серп високосный —
Топор — попёр.

Кровавых версий
Не мог не знать
Вознесенский-75.

Я горы двину
под крик: «Винись!»
Серп серпантином
несётся вниз.

Я спрячусь в улицы —
мне из толпы
люди сутулятся,
как топоры.

Я не раздваивался,
как Агасфер.
Не я разваливал
СССР.

За что же, следуя
за мной в упор,
меня преследуют
серп и топор?

",Сон,не указан,простой,2008.0,Я ВСЁ НЕ СДОХНУ
"

Я посетил художника после кончины
вместе с попутной местной чертовкой.
Комнаты были пустынны, как рамы,
			что без картины.
Но из одной доносился Чайковский.

Припоминая пустые залы,
с гостьей высокой в афроприческе
шел я, как с черным воздушным шаром.
Из-под дверей приближался Чайковский.

Женщина в кресле сидела за дверью,
40 портретов ее окружали.
Мысль, что предшествовала творенью,
сделала знак, чтобы мы не мешали.

Как напряженна работа натурщицы!
Мольберты трудились над ней на треногах.
Я узнавал в их все новых конструкциях
характер мятущийся и одинокий —

то гвоздь, то три глаза, то штык трофейный,
как он любил ее в это время!
Не находила удовлетворенья
мысль, что предшествовала творенью.

Над батареею отопленья
крутился Чайковский, трактуемый Геной
Рождественским. Шар умолял его в небо
выпустить. В небе гроза набрякла.
Туча пахла, как мешок с яблоками.

Это уже ощущалось всеми:
будто проветривали помещенье —
мысль, что предшествовала творенью,
страсть, что предшествовала творенью,
тоска, предшествующая творенью,
шатала строения и деревья!

Мысль в виде женщины в кресле сидела.
Была улыбка — не было тела.
Мысль о собаке лизала колени.
Мысль о стремянке, волнуя, белела —
в ней перекладина, что отсутствовала,
мыслью о ребре присутствовала.

Съезжалось общество потребления.
Мысль о яблоке катилась с тарелки.
Мысль о тебе стояла на тумбочке.
«Как он любил ее!» — я подумал.
«Да», — ответила из передней
недоуменная тьма творенья.

Вот предыстория их отношений.
Вышла студенткой. Лет было мало.
Гения возраст — в том, что он гений.
Верила, стало быть, понимала.
Как он ревнует ее, отошедши!
Попробуйте душ принять в его ванной —
душ принимает его очертанья.
Роман их длится не для посторонних.

Переворачивался двусторонний
Чайковский. В мелодии были стоны
антоновских яблонь. Как мысль о Создателе,
осень стояла. Дом конопатили.
Шар об известку терся щекою.
Мысль обо мне заводила Чайковского,
по старой памяти, над парниками.
Он ставил его в шестьдесят четвертом.
Гости в это не проникали.

«Все оправдалось, метр полуголый,
что вы сулили мне в стенах шершавых
гневным затмением лысого шара,
локтями черными треугольников».

Море сомнительное манило.
Сохла сомнительная малина.
Только одно не имело сомненья —
мысль о бессмысленности творенья.
Цвела на террасе мысль о терновнике.
Благодарю вас, метр модерновый!

Что же есть я? Оговорка мысли?
Грифель, который тряпкою смыли?
Я не просил, чтоб меня творили!
Но заглушал мою говорильню
смысл совершаемого творенья —
ссылка на Бога была б трафаретной —
Материя. Сад. Чайковский, наверное.

Яблоки падали. Плакали лабухи.
Яблок было — греби лопатой!
Я на коленях брал эти яблоки
яблокопада, яблокопада.

Я сбросил рубаху. По голым лопаткам
дубасили, как кулаки прохладные.
Я хохотал под яблокопадом.
Не было яблонь — яблоки падали.

Связал рукавами рубаху казнимую.
Набил плодами ее, как корзину.
Была тяжела, шевелилась, пахла.
Я ахнул —
сидела женщина в мужской рубахе.

Тебя я создал из падших яблок,
из праха — великую, беспризорную!
Под правым белком, косящим набок,
прилипла родинка темным зернышком.
Был я соавтором сотворенья.
Из снежных яблок там во дворе мы
бабу слепляем. Так на коленях
любимых лепим. Хозяйке дома
тебя представил я гостьей якобы.
Ты всем гостям раздавала яблоки.
И изъяснялась по-черноземному.

Откуда знать тебе, улыбавшейся,
в рубашке, словно в коротком платьице,
что, забывшись, влюбившись, сбросишь
				рубашку
и как шары по земле раскатишься!..

Над автобусной остановкой
туча пахла, как мешок с антоновкой.
Шар улетел. В мире было ветрено.
Прощай, нечаянное творенье!

Вы ночевали ли в даче создателя,
на одиночестве колких дерюжиц?
И проносилось в вашем сознании:
«Благодарю за то, что даруешь»?

Благодарю тебя, автор творенья,
что я случился частью твоею,
моря и суши, сада в Тарусе,
благодарю за то, что даруешь,
что я не прожил мышкой-норушкой,
что не двурушничал с тобой, время,
даже когда ты мне даришь кукиш,
и за удары остервенелые,
даже за то, что дошли до ручки,
даже за то стихотворенье,
даже за то, что завтра задуешь, —
благодарю тебя, что даруешь
краткими яблоками коленей!
За гениальность твоих натурщиц,
за безымянность твоей идеи...
И повторяли уже в сновиденье:
«Боготворю за то, что даруешь».

В мир открывались ворота ночные.
Вы уезжали. Собаки выли.
Не посещайте художника после кончины,
а навещайте, пока вы живы.

",Мотив полета,неклассический,сложный,1981.0,ЯБЛОКОПАД
"

Сашка Марков, ты - король лаборатории.
Шишка сыска, стихотворец и дитя.
Пред тобою все оторвы припортовые
обожающе снижают скоростя.

Кабинет криминалистики - как перечень.
Сашка Марков, будь Вергилием, веди!
Обвиняемые или потерпевшие,
стонут вещи с отпечатками беды.

Чья вина позапекалась на напильнике?
Группа крови. Заспиртованный урод.
Заявление: «Раскаявшись, насильника
на поруки потерпевшая берет».

И, глядя на эту космографию,
точно дети нос приплюснувши во мрак,
под стеклом стола четыре фотографии —
ах, Марина, Маяковский, Пастернак...

Ах, поэты, с беззаветностью отдавшиеся
ситуациям, эпохам, временам, -
обвиняемые или пострадавшие,
с беспощадностью прощающие нам!

Экспертиза, называемая славою,
в наше время для познанья нет преград.
Знают правые, что левые творят,
но не ведают, где левые, где правые...

И, глядя в меня глазами потеплевшими,
инстинктивно проклинаемое мной,
обвиняемое или потерпевшее,
воет Время над моею головой!

Победители, прикованные к пленным.
Невменяемой эпохи лабиринт.
Просветление на грани преступления.
Боже правый, Сашка Марков, разберись.

",Прощение,не указан,сложный,1968.0,ЯЛТИНСКАЯ КРИМИНАЛИСТИЧЕСКАЯ ЛАБОРАТОРИЯ
"

Грузовики несутся юзом.
«Москвич» вмят в стенку,
словно туз.
Вопль моей музы не для ТЮЗа.
Общественный и личный юз!
Не сладить тормозами с юзом.
Несется памятник на пузе,
скользя по мрамору медуз.
Возможны страстные откусы.
Что ты наделала, Мисюсь?!
Кому-то флюс, кого-то сжали!

Ни Божьих, ни моральных уз.
Визг номеров
со всей державы -
юз, юз!
Когда же разобьюсь?
Экскьюз ми, Воланд, сжавший
рублик.
Всеобщий юз. Великий юз.
Со-юз.
Советских Социалистических
Республик!

",Поле,не указан,простой,1980,ЮЗ
"Зачем я пришел к пергаментному Мишо?
для рифмы на «Хорошо»
смешно
тайный кайф просвечивал сквозь
целлофановый мешо
и кофе на посошо

",Мотив чувства,не указан,сложный,1980,...
"

Заведи мне ладони за плечи,
обойми,
только губы дыхнут об мои,
только море за спинами плещет.

Наши спины — как лунные раковины,
что замкнулись за нами сейчас.
Мы заслушаемся, прислонясь.
Мы — как формула жизни двоякая.

На ветру мировых клоунад
заслоняем своими плечами
возникающее меж нами —
как ладонями пламя хранят.

Если правда душа в каждой клеточке,
свои форточки отвори.
В моих порах
	стрижами заплещутся
души пойманные твои!

А пока нажимай, заваруха,
на скорлупы упругие спин!
Это нас прижимает друг к другу.

Спим.

",Мотив своего,неклассический,сложный,1965.0,ЗАМЕРЛИ
"

Вечером, ночью, днем и с утра
благодарю, что не умер вчера.

Пулей противника сбита свеча.
Благодарю за священность обряда.
Враг по плечу — долгожданнее брата,
благодарю, что не умер вчера.

Благодарю, что не умер вчера
сад мой и домик со старой терраской,
был бы вчерашний, позавчерашний,
а поутру зацвела мушмула!

И никогда б в мою жизнь не вошла
ты, что зовешься греховною силой —
чисто, как будто грехи отпустила,
дом застелила — да это ж волшба!

Я б не узнал, как ты утром свежа!
Стал бы будить тебя некий мужчина.
Это же умонепостижимо!
Благодарю, что не умер вчера.

Проигрыш черен. Подбита черта.
Нужно прочесть приговор, не ворча.
Нужно, как Брумель, начать с «ни черта».
Благодарю, что не умер вчера.

Существование — будто сестра,
не совершай мы волшебных ошибок.
Жизнь — это точно любимая, ибо
благодарю, что не умер вчера.

Ибо права не вражда, а волшба.
Может быть, завтра скажут: «Пора!»
Так нацарапай с улыбкой пера:
«Благодарю, что не умер вчера».

",Прошедшее,не указан,сложный,1972,ЗАПОВЕДЬ
"


Три дырочки прочти
над белизной снегов -
три звездочки почти
над строчками стихов.

На заячьи следы
я вечером гляжу —
две дырки впереди,
две средние — внизу.

Гляди на нас, следи
из гипсовых следов,
за горизонт веди,
цепочка черепов.

",Снег,не указан,сложный,1980,ЗАЯЦ ПРОБЕЖАЛ
"Здесь с копьями кресты святые сходны,
	кровь Господа здесь продают в разлив,
	благие чаши в шлемы превратив.
	Кончается терпение Господне.
Когда б на землю Он сошел сегодня,
	Его б вы окровавили, схватив,
	содрали б кожу с плеч Его святых
	и продали бы в первой подворотне.
Мне не нужны подачки лицемера,
	творцу преуспевать не надлежит.
	У новой эры — новые химеры.
За будущее чувствую я стыд:
	иная, может быть, святая вера
	опять всего святого нас лишит!

",Сохранять и покидать,не указан,сложный,1975.0,...
"

Зеки шьют кресла Аэрофлоту.
На преступленьях мои полеты,
мнимых и страшных. Из крепкого репса
Аэрофлоту зеки шьют кресла.
Катапультировать бы из рейса!
Мне не заснуть в затененном отсеке.
Нитку насильник кусал большерото.
Оговоренная портила веки.
Аэрофлоту кресла шьют зеки.
О незнакомом молю человеке,
что, матюгаясь, шила мне кресло.
Боже, погибла или воскресла?
Небо. Свобода. Божии чресла.
Аэрофлоту зеки шьют кресла.

",Небо,не указан,простой,1989,...
"

Твои глаза зеленые — как вино,
желанье затаенное на дне одно —
новый секс у всех в голове:
«Как найти в Москве
СКВ?»

Не Массне доносится из кафе —
«Как найти в Москве
СКВ?»

Школьница выходит в полночный скве... —
... ...  ...
...?

Над зеленым куполом реет стяг.
Ты куда стремишь нас, Тверская-стрит?
И зелено-бронзовый, как доллар смят,
Пушкин за Макдоналдсом стоит.

Я разорван псами, в зеленке весь.
И твоя косметика зелена.
От границ с анашой до границ Норд-Вест
зеленеет наша страна.

А в отеле
вечная картина Саврасова:
«СКВ прилетели!»

Как найти сквозь застлавшую взор листву
твое бело-розовое «ау»?
И тоскует мысль в голове:
«КАК НАЙТИ МОСКВУ
В СКВ?»

",Территориальная,не указан,сложный,1980,ЗЕЛЕНАЯ БАЛЛАДА
"

Очнись, жемчужина — моё тайное
национальное достояние.
Нас разделяют не расставания —
национальные расстояния.

Глаза выкалывая стамескою,
плача над беженкой Кустаная,
мы — достояние Достоевского,
рациональное отставание.

Мы, как никто, достаём свою нацию,
стремясь то на цепь, то на Сенатскую.
А ты живёшь иррационально —
глазами отсвета цинандали.

То сядешь с теликом на ставку очную,
а то в истерике дрожишь до кончика.
Живи, как хочется, ну, а не хочется —
«Вот дверь, вон очередь...»

Я плач твой вытер. Сними свой свитер.
Не рвись в Австралию и Германию.
Я не хочу, чтобы ты стала —
интернациональное достояние.

",Мотив своего,не указан,сложный,1999.0,ЖЕМЧУЖИНКА
"

Держите шатенку!
Она разбегалась и билась об стену —
лицом, животом бесполезно красивого тела.
Лоб всмятку и платье клочками, как пена —
об стену!

«Видать, она в стельку?»
«Давай я тебя уложу, успокою, раздену» —
об стену!

За пошлость измены!
За страшную цену
красивою быть, да еще современной,
за тело, что мучает нощно, а тут еще денно, —
за съехавший с рамой портрет Рубинштейна,
об все деловые постели, об все «невозможно»,
об «тесно» —
об стену!
(И после удара с минуту, наверно,
две нижние доли дрожали, как после Шопена.)

— Прости эту стену,
что нас разделила с тобой постепенно.
— Прости мне, любимый, что я не убила тебя,
чтоб избавить от плена —
об стену!

Прости эту сцену.

Стена победила. Мы тени системы,
об стену!..

Будь благословенна
та сила паденья, что сбивши колени,
бросает на стену!

Ты вдруг вылетаешь таранящим креном —
сквозь стену —
оставив дыру с очертаньями тела.

Сквозь тело летят облака и ночные сирены.

Будь благословенна.",Домашняя,неклассический,сложный,1981.0,Женщина и стена
"Живу в сторожке одинокой,
один-один на всем свету.
Еще был кот членистоногий,
переползающий тропу.

Он, в плечи втягивая жутко
башку, как в черную трубу,
вещал, достигнувши желудка,
мою пропащую судьбу.

А кошка — интеллектом уже.
Знай, штамповала деток в свет,
углами загибала ушки
им, как укладчица конфет.

",Мотив черного,не указан,сложный,1969.0,...
,Поле,не указан,простой,1982,ЗОМБИ ЗАБВЕНЬЯ
"

Аплодировал Париж
в фестивальном дыме.
Тебе дали первый приз —
«Голую богиню».

Подвезут домой друзья
от аэродрома.
Дома нету ни копья.
Да и нету дома.

Оглядишь свои углы
звездными своими:
стены пусты и голы —
голая богиня.

Предлагал озолотить
режиссер павлиний.
Ты ж предпочитаешь жить
голой, но богиней.

Подвернется, может, роль,
с текстами благими.
Мне плевать, что гол король!
Голая богиня…

А за окнами стоят
талые осины
обнаженно, как талант, —
голая Россия!

И такая же одна
грохает тарелки
возле вечного огня
газовой горелки.

И мерцает из угла
в сигаретном дыме —
ах, актерская судьба!
Голая богиня.

",Мотив своего,неклассический,простой,1975.0,ЗВЕЗДА
,Поле,не указан,простой,1980,ЗВЕЗДА ПО ИМЕНИ ПОЭТА
"Звезде его все словеса — как дым.
	Позвал его достойных, так немного.
	Мы не примкнем к хвалебному потоку.
	Хулителей его мы пригвоздим!
Прошел он двери Ада, невредим,
	пред смертным открывались двери Бога.
	Но люди, рассуждавшие убого,
	дверь родины захлопнули пред ним.
О родина, была ты близорука,
	когда казнила лучших сыновей,
	себе готовя худшую из казней.
Всегда ужасна с родиной разлука.
	Но не было изгнания подлей,
	как песнопевца не было прекрасней!

",Прошедшее,не указан,сложный,1975.0,...